measure_id,measure_name,location_id,location_name,sex_id,sex_name,age_id,age_name,cause_id,cause_name,metric_id,metric_name,year,val,upper,lower
5,Prevalence,77,Cyprus,3,Both,22,All Ages,558,Mental disorders,2,Percent,2019,0.1610999757416429,0.17786600358585347,0.14623106172273231
5,Prevalence,88,Malta,3,Both,22,All Ages,558,Mental disorders,2,Percent,2019,0.1589496467818965,0.17469226564347423,0.1447887631466008
5,Prevalence,143,Iraq,3,Both,22,All Ages,558,Mental disorders,2,Percent,2019,0.14988556178152293,0.16591065478787,0.13574666028569898
5,Prevalence,176,Comoros,3,Both,22,All Ages,558,Mental disorders,2,Percent,2019,0.11816146774436008,0.1296028416921741,0.10755515366097317
5,Prevalence,45,Bulgaria,3,Both,22,All Ages,558,Mental disorders,2,Percent,2019,0.1207544971358296,0.13136842472493562,0.11040012190408126
5,Prevalence,12,Lao People's Democratic Republic,3,Both,22,All Ages,558,Mental disorders,2,Percent,2019,0.11834924220870333,0.13028850597186498,0.10749786847139405
5,Prevalence,34,Azerbaijan,3,Both,22,All Ages,558,Mental disorders,2,Percent,2019,0.10741951458104966,0.11721834243594834,0.0980213793789064
5,Prevalence,121,Bolivia (Plurinational State of),3,Both,22,All Ages,558,Mental disorders,2,Percent,2019,0.14645390774972789,0.16275912403201104,0.13306209899182533
5,Prevalence,4772,Rio Grande do Sul,3,Both,22,All Ages,558,Mental disorders,2,Percent,2019,0.18215252600258933,0.1963209914521931,0.1702377008305218
5,Prevalence,35622,Embu,3,Both,22,All Ages,558,Mental disorders,2,Percent,2019,0.12180775781273384,0.13069179331102598,0.11309695667993128
5,Prevalence,154,Tunisia,3,Both,22,All Ages,558,Mental disorders,2,Percent,2019,0.16560923508175643,0.18039657072985837,0.15157851437855552
5,Prevalence,189,United Republic of Tanzania,3,Both,22,All Ages,558,Mental disorders,2,Percent,2019,0.10911539391104216,0.12038646443088692,0.09908830289617071
5,Prevalence,13,Malaysia,3,Both,22,All Ages,558,Mental disorders,2,Percent,2019,0.1253151867783557,0.1384077319682469,0.11365482935572105
5,Prevalence,165,Pakistan,3,Both,22,All Ages,558,Mental disorders,2,Percent,2019,0.12068426901534858,0.13160082079295635,0.10858383786980916
5,Prevalence,112,Grenada,3,Both,22,All Ages,558,Mental disorders,2,Percent,2019,0.14921244784842844,0.16432953218101337,0.13571474428985467
5,Prevalence,47,Czechia,3,Both,22,All Ages,558,Mental disorders,2,Percent,2019,0.1190681013562155,0.1294863413639315,0.10935406640125508
5,Prevalence,35623,Garissa,3,Both,22,All Ages,558,Mental disorders,2,Percent,2019,0.10275526494245527,0.1117117267437467,0.09413077337315177
5,Prevalence,91,Portugal,3,Both,22,All Ages,558,Mental disorders,2,Percent,2019,0.19272923752214205,0.21155808736041343,0.1752682481481532
5,Prevalence,212,Mauritania,3,Both,22,All Ages,558,Mental disorders,2,Percent,2019,0.09722766223495816,0.1070453586937386,0.08828042975642639
5,Prevalence,199,Western Sub-Saharan Africa,3,Both,22,All Ages,558,Mental disorders,2,Percent,2019,0.09807831466168389,0.10719054148007043,0.08986646657438332
5,Prevalence,36,Kazakhstan,3,Both,22,All Ages,558,Mental disorders,2,Percent,2019,0.10619025412892841,0.11545536685870021,0.09797157662346176
5,Prevalence,132,Panama,3,Both,22,All Ages,558,Mental disorders,2,Percent,2019,0.12274382950977848,0.1352182582087093,0.112540495461181
5,Prevalence,26,Papua New Guinea,3,Both,22,All Ages,558,Mental disorders,2,Percent,2019,0.11297384921237019,0.12585005478714417,0.10207496005066728
5,Prevalence,113,Guyana,3,Both,22,All Ages,558,Mental disorders,2,Percent,2019,0.16127131317090834,0.1775173285363468,0.14771652913232555
5,Prevalence,123,Peru,3,Both,22,All Ages,558,Mental disorders,2,Percent,2019,0.140104641675915,0.15602671588787778,0.12686333457826615
5,Prevalence,146,Lebanon,3,Both,22,All Ages,558,Mental disorders,2,Percent,2019,0.1651968801214603,0.1810573243907735,0.15092271019485168
5,Prevalence,35467,Ōita,3,Both,22,All Ages,558,Mental disorders,2,Percent,2019,0.10121174361000729,0.10800027468099394,0.09470032196412856
5,Prevalence,48,Hungary,3,Both,22,All Ages,558,Mental disorders,2,Percent,2019,0.12272957551608132,0.13411022147460144,0.1125067017158479
5,Prevalence,4670,Tamaulipas,3,Both,22,All Ages,558,Mental disorders,2,Percent,2019,0.12685059867972084,0.13598859800470353,0.11836737535381504
5,Prevalence,4754,Bahia,3,Both,22,All Ages,558,Mental disorders,2,Percent,2019,0.16758881411986187,0.18180913703204007,0.15519001573615168
5,Prevalence,4726,Bali,3,Both,22,All Ages,558,Mental disorders,2,Percent,2019,0.11269057372103436,0.12171179460372868,0.10373220781093499
5,Prevalence,80,France,3,Both,22,All Ages,558,Mental disorders,2,Percent,2019,0.16769453845716578,0.18329156945968325,0.15403752331882953
5,Prevalence,203,Cabo Verde,3,Both,22,All Ages,558,Mental disorders,2,Percent,2019,0.12092785769590662,0.13202544013516918,0.11094334652767873
5,Prevalence,213,Niger,3,Both,22,All Ages,558,Mental disorders,2,Percent,2019,0.0953029304127624,0.10591438759674264,0.08561125737320824
5,Prevalence,147,Libya,3,Both,22,All Ages,558,Mental disorders,2,Percent,2019,0.16326848024477653,0.17888710191573268,0.14932805268150462
5,Prevalence,37,Kyrgyzstan,3,Both,22,All Ages,558,Mental disorders,2,Percent,2019,0.11001173275896686,0.12033086115956522,0.10047266313600098
5,Prevalence,102,United States of America,3,Both,22,All Ages,558,Mental disorders,2,Percent,2019,0.1702997611677191,0.1827199117256391,0.15937703367648826
5,Prevalence,38,Mongolia,3,Both,22,All Ages,558,Mental disorders,2,Percent,2019,0.11079416954348124,0.12059384563558417,0.10172069774194638
5,Prevalence,376,Northern Mariana Islands,3,Both,22,All Ages,558,Mental disorders,2,Percent,2019,0.12082236818925882,0.13330304742239396,0.10972573066002293
5,Prevalence,567,Utah,3,Both,22,All Ages,558,Mental disorders,2,Percent,2019,0.1875974966964854,0.20122680725883646,0.17582802361536196
5,Prevalence,35636,Laikipia,3,Both,22,All Ages,558,Mental disorders,2,Percent,2019,0.11729014516132301,0.12594664330704913,0.10854554216617723
5,Prevalence,15,Myanmar,3,Both,22,All Ages,558,Mental disorders,2,Percent,2019,0.11018528794911657,0.12206276327871167,0.09964763966854237
5,Prevalence,35445,Shizuoka,3,Both,22,All Ages,558,Mental disorders,2,Percent,2019,0.1019241538071791,0.10896726086741727,0.09509753553053416
5,Prevalence,92,Spain,3,Both,22,All Ages,558,Mental disorders,2,Percent,2019,0.18205571242632135,0.19536992423926586,0.16952177683019423
5,Prevalence,16,Philippines,3,Both,22,All Ages,558,Mental disorders,2,Percent,2019,0.11679629173102353,0.12623257192828685,0.10743069125855141
5,Prevalence,136,Paraguay,3,Both,22,All Ages,558,Mental disorders,2,Percent,2019,0.16042032855217989,0.17711617912930322,0.14600910229577985
5,Prevalence,4776,Tocantins,3,Both,22,All Ages,558,Mental disorders,2,Percent,2019,0.17532045530092863,0.1897529609280955,0.1628450281317856
5,Prevalence,49,North Macedonia,3,Both,22,All Ages,558,Mental disorders,2,Percent,2019,0.12088119512663638,0.13221003649959626,0.1105467805279438
5,Prevalence,214,Nigeria,3,Both,22,All Ages,558,Mental disorders,2,Percent,2019,0.0937533933774163,0.10149203129168968,0.08632137807276156
5,Prevalence,71,Australia,3,Both,22,All Ages,558,Mental disorders,2,Percent,2019,0.18869154950685094,0.20434095086446138,0.17527300100204918
5,Prevalence,93,Sweden,3,Both,22,All Ages,558,Mental disorders,2,Percent,2019,0.15566399184743207,0.1656317169477123,0.14612977993996706
5,Prevalence,193,Botswana,3,Both,22,All Ages,558,Mental disorders,2,Percent,2019,0.11693589740365432,0.12836717050273666,0.1070437229469167
5,Prevalence,191,Zambia,3,Both,22,All Ages,558,Mental disorders,2,Percent,2019,0.10590378034416366,0.11721864408380671,0.09570286385959305
5,Prevalence,148,Morocco,3,Both,22,All Ages,558,Mental disorders,2,Percent,2019,0.16134742365750782,0.17609314335343731,0.1476168792248751
5,Prevalence,181,Madagascar,3,Both,22,All Ages,558,Mental disorders,2,Percent,2019,0.11630901543421134,0.12825325655120634,0.10472314023015902
5,Prevalence,35648,Nandi,3,Both,22,All Ages,558,Mental disorders,2,Percent,2019,0.11345627446809758,0.12255677540022462,0.10511905261294602
5,Prevalence,194,Lesotho,3,Both,22,All Ages,558,Mental disorders,2,Percent,2019,0.12865992111227034,0.1408798879334243,0.11723030487668872
5,Prevalence,94,Switzerland,3,Both,22,All Ages,558,Mental disorders,2,Percent,2019,0.17293684416291655,0.1876930176468615,0.15920517073509896
5,Prevalence,158,South Asia,3,Both,22,All Ages,558,Mental disorders,2,Percent,2019,0.13444803874012604,0.14650450483884633,0.12078939742202512
5,Prevalence,180,Kenya,3,Both,22,All Ages,558,Mental disorders,2,Percent,2019,0.11249133104683053,0.12140511675494216,0.10395307363330886
5,Prevalence,53,Serbia,3,Both,22,All Ages,558,Mental disorders,2,Percent,2019,0.12152220913100284,0.1321864090043448,0.11134551009385577
5,Prevalence,105,Antigua and Barbuda,3,Both,22,All Ages,558,Mental disorders,2,Percent,2019,0.14851560638437264,0.1638936391899229,0.1352360290854614
5,Prevalence,137,North Africa and Middle East,3,Both,22,All Ages,558,Mental disorders,2,Percent,2019,0.15874525012738674,0.17270889614860682,0.14537338634238955
5,Prevalence,435,South Sudan,3,Both,22,All Ages,558,Mental disorders,2,Percent,2019,0.11297523895715787,0.12477464576133587,0.1024289358485173
5,Prevalence,126,Costa Rica,3,Both,22,All Ages,558,Mental disorders,2,Percent,2019,0.13475189490921252,0.14846089120905973,0.1234266480089781
5,Prevalence,117,Saint Vincent and the Grenadines,3,Both,22,All Ages,558,Mental disorders,2,Percent,2019,0.14905546002685316,0.16435672070382878,0.1362547600998641
5,Prevalence,7,Democratic People's Republic of Korea,3,Both,22,All Ages,558,Mental disorders,2,Percent,2019,0.12271500654295436,0.1348079605984174,0.11181509913176572
5,Prevalence,116,Saint Lucia,3,Both,22,All Ages,558,Mental disorders,2,Percent,2019,0.15182922575464228,0.16776502311217292,0.13859174182906198
5,Prevalence,35626,Kajiado,3,Both,22,All Ages,558,Mental disorders,2,Percent,2019,0.11560785913592315,0.12543072099997982,0.10662043874988046
5,Prevalence,35658,TransNzoia,3,Both,22,All Ages,558,Mental disorders,2,Percent,2019,0.11131148221199366,0.12036886989642048,0.10263041151127929
5,Prevalence,52,Romania,3,Both,22,All Ages,558,Mental disorders,2,Percent,2019,0.11889298771854441,0.12949167881131746,0.10953964389499438
5,Prevalence,207,Ghana,3,Both,22,All Ages,558,Mental disorders,2,Percent,2019,0.10657913046728938,0.11726761713243247,0.09755727611429812
5,Prevalence,20,Viet Nam,3,Both,22,All Ages,558,Mental disorders,2,Percent,2019,0.09916203967046505,0.10897389729792051,0.09066462485701449
5,Prevalence,4709,Aceh,3,Both,22,All Ages,558,Mental disorders,2,Percent,2019,0.10830138284155902,0.11768366598026006,0.0991913695129007
5,Prevalence,35449,Kyōto,3,Both,22,All Ages,558,Mental disorders,2,Percent,2019,0.10311728269096376,0.1102314689126224,0.09649699265196682
5,Prevalence,41,Uzbekistan,3,Both,22,All Ages,558,Mental disorders,2,Percent,2019,0.10420214947552593,0.11393979244169895,0.09531839820224151
5,Prevalence,35640,Mandera,3,Both,22,All Ages,558,Mental disorders,2,Percent,2019,0.10514465419422095,0.11442686109731243,0.09637433073618405
5,Prevalence,21,Oceania,3,Both,22,All Ages,558,Mental disorders,2,Percent,2019,0.11363015643668448,0.12644619549320749,0.10280529425150985
5,Prevalence,159,South Asia,3,Both,22,All Ages,558,Mental disorders,2,Percent,2019,0.13444803874012604,0.14650450483884633,0.12078939742202512
5,Prevalence,170,Congo,3,Both,22,All Ages,558,Mental disorders,2,Percent,2019,0.12043723984815378,0.13153783864115504,0.10976884321494026
5,Prevalence,198,Zimbabwe,3,Both,22,All Ages,558,Mental disorders,2,Percent,2019,0.10268128976268616,0.11301044126665015,0.09267184555490228
5,Prevalence,35627,Kakamega,3,Both,22,All Ages,558,Mental disorders,2,Percent,2019,0.10831054022914544,0.11722196951111652,0.0999332495744026
5,Prevalence,17,Sri Lanka,3,Both,22,All Ages,558,Mental disorders,2,Percent,2019,0.11910707933534949,0.13099020897379984,0.10871718601787979
5,Prevalence,218,Togo,3,Both,22,All Ages,558,Mental disorders,2,Percent,2019,0.11191334282672998,0.12369651535698507,0.10147953752137669
5,Prevalence,42,Central Europe,3,Both,22,All Ages,558,Mental disorders,2,Percent,2019,0.1178803667913582,0.12719996358081098,0.10914839837009219
5,Prevalence,396,San Marino,3,Both,22,All Ages,558,Mental disorders,2,Percent,2019,0.16299186454184342,0.17875911937619646,0.149695830684098
5,Prevalence,151,Qatar,3,Both,22,All Ages,558,Mental disorders,2,Percent,2019,0.14979394381948583,0.16594354907112382,0.13611100990869493
5,Prevalence,571,West Virginia,3,Both,22,All Ages,558,Mental disorders,2,Percent,2019,0.17779810705927018,0.189920331298983,0.16657139419691447
5,Prevalence,138,North Africa and Middle East,3,Both,22,All Ages,558,Mental disorders,2,Percent,2019,0.15874525012738674,0.17270889614860682,0.14537338634238955
5,Prevalence,239,East Asia & Pacific - WB,3,Both,22,All Ages,558,Mental disorders,2,Percent,2019,0.1161249253189477,0.12453598221254399,0.1077744975783725
5,Prevalence,152,Saudi Arabia,3,Both,22,All Ages,558,Mental disorders,2,Percent,2019,0.14787673365849452,0.16283327386945604,0.13528853081180914
5,Prevalence,19,Timor-Leste,3,Both,22,All Ages,558,Mental disorders,2,Percent,2019,0.10603438413541612,0.117265816586684,0.09574767959612021
5,Prevalence,98,Chile,3,Both,22,All Ages,558,Mental disorders,2,Percent,2019,0.1565609912858815,0.17127722420233787,0.14363807554854785
5,Prevalence,35662,Wajir,3,Both,22,All Ages,558,Mental disorders,2,Percent,2019,0.10370789585901245,0.11325101087920052,0.0944322769707648
5,Prevalence,43,Albania,3,Both,22,All Ages,558,Mental disorders,2,Percent,2019,0.121684576232564,0.1333154751848133,0.11135090227564008
5,Prevalence,186,Seychelles,3,Both,22,All Ages,558,Mental disorders,2,Percent,2019,0.11397307190315643,0.1253361102993553,0.10317856493166296
5,Prevalence,35652,Nyeri,3,Both,22,All Ages,558,Mental disorders,2,Percent,2019,0.12493523813216678,0.13397939740005124,0.11611817911629066
5,Prevalence,139,Algeria,3,Both,22,All Ages,558,Mental disorders,2,Percent,2019,0.1490020639846141,0.16289592048000834,0.1358621985616374
5,Prevalence,142,Iran (Islamic Republic of),3,Both,22,All Ages,558,Mental disorders,2,Percent,2019,0.1941693731645908,0.20929476600055427,0.1794945496237698
5,Prevalence,23,Kiribati,3,Both,22,All Ages,558,Mental disorders,2,Percent,2019,0.11867802659954034,0.13177052879773196,0.10706437564058177
5,Prevalence,85,Israel,3,Both,22,All Ages,558,Mental disorders,2,Percent,2019,0.14394129982940432,0.15602142594029403,0.1331694486863332
5,Prevalence,30,Vanuatu,3,Both,22,All Ages,558,Mental disorders,2,Percent,2019,0.11492431391159137,0.12746031014199544,0.10412629018340262
5,Prevalence,131,Nicaragua,3,Both,22,All Ages,558,Mental disorders,2,Percent,2019,0.1328038178342095,0.14689941901397216,0.121492748907266
5,Prevalence,217,Sierra Leone,3,Both,22,All Ages,558,Mental disorders,2,Percent,2019,0.11149417098352173,0.12355454922615156,0.10089591172985538
5,Prevalence,66,Brunei Darussalam,3,Both,22,All Ages,558,Mental disorders,2,Percent,2019,0.10808007202677401,0.11955714530374716,0.09864778674303502
5,Prevalence,4758,Goiás,3,Both,22,All Ages,558,Mental disorders,2,Percent,2019,0.18027436930400062,0.19434654492758743,0.16759275597604173
5,Prevalence,4761,Mato Grosso do Sul,3,Both,22,All Ages,558,Mental disorders,2,Percent,2019,0.17675157456399182,0.19092987763876496,0.16459262140067304
5,Prevalence,4731,South Kalimantan,3,Both,22,All Ages,558,Mental disorders,2,Percent,2019,0.11102394533263697,0.12021263224882538,0.10207534848204221
5,Prevalence,35631,Kirinyaga,3,Both,22,All Ages,558,Mental disorders,2,Percent,2019,0.12363623092964472,0.1330116547977063,0.11462368416511931
5,Prevalence,76,Belgium,3,Both,22,All Ages,558,Mental disorders,2,Percent,2019,0.1507985709574947,0.164210887592041,0.13851008981156518
5,Prevalence,35630,Kilifi,3,Both,22,All Ages,558,Mental disorders,2,Percent,2019,0.10823031698084935,0.11730536729297054,0.09994154312086384
5,Prevalence,54,Slovakia,3,Both,22,All Ages,558,Mental disorders,2,Percent,2019,0.12006066589516769,0.13068618070067428,0.10956260483824413
5,Prevalence,185,Rwanda,3,Both,22,All Ages,558,Mental disorders,2,Percent,2019,0.11952843027410401,0.1314950712738152,0.10904722331266013
5,Prevalence,175,Burundi,3,Both,22,All Ages,558,Mental disorders,2,Percent,2019,0.11333944978258487,0.12504504752159054,0.10223442629297137
5,Prevalence,22,Fiji,3,Both,22,All Ages,558,Mental disorders,2,Percent,2019,0.11561985804495667,0.1277503027801843,0.10486662967620437
5,Prevalence,27,Samoa,3,Both,22,All Ages,558,Mental disorders,2,Percent,2019,0.1145268682509353,0.1272904797502688,0.10392156765282924
5,Prevalence,164,Nepal,3,Both,22,All Ages,558,Mental disorders,2,Percent,2019,0.13487733275269256,0.14721135095029206,0.12185633388612843
5,Prevalence,4765,Paraná,3,Both,22,All Ages,558,Mental disorders,2,Percent,2019,0.17930830124948438,0.19406131024227752,0.1667663701192728
5,Prevalence,190,Uganda,3,Both,22,All Ages,558,Mental disorders,2,Percent,2019,0.11939290167823383,0.13153334811614173,0.10817829753155186
5,Prevalence,4774,Sergipe,3,Both,22,All Ages,558,Mental disorders,2,Percent,2019,0.17509823502328042,0.18899193787450122,0.16241327569226457
5,Prevalence,374,Niue,3,Both,22,All Ages,558,Mental disorders,2,Percent,2019,0.1214293614913787,0.1340188730891352,0.11049195594784889
5,Prevalence,4769,Rio Grande do Norte,3,Both,22,All Ages,558,Mental disorders,2,Percent,2019,0.17586982223513992,0.1897072536454204,0.1636068415992719
5,Prevalence,4714,South Sumatra,3,Both,22,All Ages,558,Mental disorders,2,Percent,2019,0.10845009249345998,0.11733733823589308,0.0994536229511829
5,Prevalence,59,Latvia,3,Both,22,All Ages,558,Mental disorders,2,Percent,2019,0.13646093460137518,0.14767874031555758,0.12603903616329865
5,Prevalence,31,"Central Europe, Eastern Europe, and Central Asia",3,Both,22,All Ages,558,Mental disorders,2,Percent,2019,0.11816467647172463,0.12688366617144242,0.10969865065294791
5,Prevalence,35446,Aichi,3,Both,22,All Ages,558,Mental disorders,2,Percent,2019,0.10623621680656126,0.11373402939356081,0.09904819516938367
5,Prevalence,35647,Nakuru,3,Both,22,All Ages,558,Mental disorders,2,Percent,2019,0.11880449401241501,0.12885413889023886,0.10984898523955913
5,Prevalence,32,Central Asia,3,Both,22,All Ages,558,Mental disorders,2,Percent,2019,0.10683403900787465,0.11653287681502986,0.09833094382854862
5,Prevalence,542,Maine,3,Both,22,All Ages,558,Mental disorders,2,Percent,2019,0.1715639410520608,0.18381208605216584,0.16024068136077999
5,Prevalence,35453,Wakayama,3,Both,22,All Ages,558,Mental disorders,2,Percent,2019,0.10215795561273495,0.10923789058529654,0.09541485205453522
5,Prevalence,240,Europe & Central Asia - WB,3,Both,22,All Ages,558,Mental disorders,2,Percent,2019,0.1416003988819686,0.15231263601058112,0.13169842610803897
5,Prevalence,35644,Mombasa,3,Both,22,All Ages,558,Mental disorders,2,Percent,2019,0.11628021065941446,0.12568720404738912,0.10729666513687706
5,Prevalence,35464,Saga,3,Both,22,All Ages,558,Mental disorders,2,Percent,2019,0.10122421626902443,0.10825428958556035,0.09461134205496903
5,Prevalence,241,Latin America & Caribbean - WB,3,Both,22,All Ages,558,Mental disorders,2,Percent,2019,0.14860669484060654,0.16067487704137257,0.13809545535307152
5,Prevalence,242,Sub-Saharan Africa - WB,3,Both,22,All Ages,558,Mental disorders,2,Percent,2019,0.10943572355736836,0.11930910104403875,0.10029418032749235
5,Prevalence,35434,Saitama,3,Both,22,All Ages,558,Mental disorders,2,Percent,2019,0.10367874598442796,0.11109431790786345,0.0967037103872156
5,Prevalence,134,Tropical Latin America,3,Both,22,All Ages,558,Mental disorders,2,Percent,2019,0.17426066354563916,0.18810784356848195,0.16225406000922798
5,Prevalence,145,Kuwait,3,Both,22,All Ages,558,Mental disorders,2,Percent,2019,0.1501702219864319,0.16528188936543614,0.1366816192488426
5,Prevalence,4659,Morelos,3,Both,22,All Ages,558,Mental disorders,2,Percent,2019,0.1262692028733174,0.13527457320966682,0.11773995426455819
5,Prevalence,125,Colombia,3,Both,22,All Ages,558,Mental disorders,2,Percent,2019,0.12386604757030734,0.1378350910563486,0.11257488772020366
5,Prevalence,89,Netherlands,3,Both,22,All Ages,558,Mental disorders,2,Percent,2019,0.16895820242229315,0.1867630412466047,0.1542474763737201
5,Prevalence,35617,Baringo,3,Both,22,All Ages,558,Mental disorders,2,Percent,2019,0.10970279246668138,0.11916107256251164,0.10100898944064893
5,Prevalence,35659,Turkana,3,Both,22,All Ages,558,Mental disorders,2,Percent,2019,0.10754545389690984,0.11690470412614377,0.09860735297203971
5,Prevalence,90,Norway,3,Both,22,All Ages,558,Mental disorders,2,Percent,2019,0.16217119469137992,0.17382458158446168,0.15095855533557326
5,Prevalence,298,American Samoa,3,Both,22,All Ages,558,Mental disorders,2,Percent,2019,0.11334143987982127,0.12559541701431762,0.10267547526217778
5,Prevalence,35457,Hiroshima,3,Both,22,All Ages,558,Mental disorders,2,Percent,2019,0.10224983055613092,0.1094919196745305,0.09524422281138098
5,Prevalence,546,Minnesota,3,Both,22,All Ages,558,Mental disorders,2,Percent,2019,0.1653394338283961,0.17723020887572563,0.15435454694147566
5,Prevalence,101,Canada,3,Both,22,All Ages,558,Mental disorders,2,Percent,2019,0.14689925931076875,0.1606177971778216,0.13478732350269476
5,Prevalence,135,Brazil,3,Both,22,All Ages,558,Mental disorders,2,Percent,2019,0.17469647748851116,0.18834639234210915,0.16271032294833818
5,Prevalence,4734,Central Sulawesi,3,Both,22,All Ages,558,Mental disorders,2,Percent,2019,0.10893543154153047,0.11806044050713355,0.09982926860946449
5,Prevalence,35649,Narok,3,Both,22,All Ages,558,Mental disorders,2,Percent,2019,0.10618701248264292,0.11534229588009899,0.09700672318172034
5,Prevalence,35425,Aomori,3,Both,22,All Ages,558,Mental disorders,2,Percent,2019,0.10198062563376191,0.10911957105503467,0.09518078580287578
5,Prevalence,4667,Sinaloa,3,Both,22,All Ages,558,Mental disorders,2,Percent,2019,0.12530581582215042,0.13407430317815602,0.1168069361737988
5,Prevalence,40,Turkmenistan,3,Both,22,All Ages,558,Mental disorders,2,Percent,2019,0.1038687122066178,0.11336359978353966,0.09578451825008014
5,Prevalence,35468,Miyazaki,3,Both,22,All Ages,558,Mental disorders,2,Percent,2019,0.1018326598723825,0.1086721886083481,0.09487889444489414
5,Prevalence,320,Cook Islands,3,Both,22,All Ages,558,Mental disorders,2,Percent,2019,0.1205308605126832,0.13280095870025121,0.10988459964508483
5,Prevalence,35461,Ehime,3,Both,22,All Ages,558,Mental disorders,2,Percent,2019,0.10149107270088795,0.10878307095811143,0.09446732750719684
5,Prevalence,550,Nebraska,3,Both,22,All Ages,558,Mental disorders,2,Percent,2019,0.16787808496352197,0.18084959669737258,0.1567328647000162
5,Prevalence,67,Japan,3,Both,22,All Ages,558,Mental disorders,2,Percent,2019,0.10351446626699908,0.11065785117038411,0.09680311122486357
5,Prevalence,35653,Samburu,3,Both,22,All Ages,558,Mental disorders,2,Percent,2019,0.10813603484074863,0.11771999325896261,0.099125259113684
5,Prevalence,99,Uruguay,3,Both,22,All Ages,558,Mental disorders,2,Percent,2019,0.14379514573063756,0.15808108945614935,0.13150026690907665
5,Prevalence,557,North Dakota,3,Both,22,All Ages,558,Mental disorders,2,Percent,2019,0.16407168552652918,0.17699076047884574,0.153040786823128
5,Prevalence,523,Alabama,3,Both,22,All Ages,558,Mental disorders,2,Percent,2019,0.16821489360501216,0.1813400728566934,0.1565864807980801
5,Prevalence,95,United Kingdom,3,Both,22,All Ages,558,Mental disorders,2,Percent,2019,0.15363718559157635,0.1635220866529355,0.1443937604168395
5,Prevalence,4738,West Sulawesi,3,Both,22,All Ages,558,Mental disorders,2,Percent,2019,0.10964165764994925,0.11903020783434504,0.10018747321851322
5,Prevalence,100,High-income North America,3,Both,22,All Ages,558,Mental disorders,2,Percent,2019,0.1679769375593963,0.18049133794514402,0.1569073248562995
5,Prevalence,96,Southern Latin America,3,Both,22,All Ages,558,Mental disorders,2,Percent,2019,0.1436079209325802,0.1539123556948239,0.13443822653577941
5,Prevalence,72,New Zealand,3,Both,22,All Ages,558,Mental disorders,2,Percent,2019,0.18374500945526326,0.1971088152390991,0.17142231503991096
5,Prevalence,4742,Papua,3,Both,22,All Ages,558,Mental disorders,2,Percent,2019,0.10160905887606694,0.11055374270485303,0.09299019722440488
5,Prevalence,73,Western Europe,3,Both,22,All Ages,558,Mental disorders,2,Percent,2019,0.16206821361791213,0.17451865816980042,0.15062866097668023
5,Prevalence,35455,Shimane,3,Both,22,All Ages,558,Mental disorders,2,Percent,2019,0.1017731963733117,0.10901462364681151,0.09507686195769911
5,Prevalence,4743,European Union,3,Both,22,All Ages,558,Mental disorders,2,Percent,2019,0.15344268268069938,0.16538854099187816,0.14271174481838655
5,Prevalence,4762,Mato Grosso,3,Both,22,All Ages,558,Mental disorders,2,Percent,2019,0.1751674597626691,0.18919339709471028,0.16238819294826942
5,Prevalence,35634,Kitui,3,Both,22,All Ages,558,Mental disorders,2,Percent,2019,0.11267056945747479,0.12173154996959035,0.10437038879601158
5,Prevalence,4735,South Sulawesi,3,Both,22,All Ages,558,Mental disorders,2,Percent,2019,0.11061193289055543,0.11975105987316398,0.10181599171072706
5,Prevalence,200,Benin,3,Both,22,All Ages,558,Mental disorders,2,Percent,2019,0.10147618378173003,0.1122141870294788,0.09205708625175296
5,Prevalence,4671,Tlaxcala,3,Both,22,All Ages,558,Mental disorders,2,Percent,2019,0.12558355012605876,0.1347959583022995,0.11667297729983292
5,Prevalence,4672,Veracruz de Ignacio de la Llave,3,Both,22,All Ages,558,Mental disorders,2,Percent,2019,0.12741942714174426,0.13655605760764938,0.11870405665788124
5,Prevalence,141,Egypt,3,Both,22,All Ages,558,Mental disorders,2,Percent,2019,0.14539662866573935,0.15987212430293873,0.13192086209868234
5,Prevalence,106,Bahamas,3,Both,22,All Ages,558,Mental disorders,2,Percent,2019,0.14867272514506077,0.16473158018884984,0.13503443536555385
5,Prevalence,4636,Wales,3,Both,22,All Ages,558,Mental disorders,2,Percent,2019,0.14710774247806102,0.1588926784762885,0.1358271829304168
5,Prevalence,478,World Bank Regions,3,Both,22,All Ages,558,Mental disorders,2,Percent,2019,0.13037175442038226,0.14013132748964488,0.12118844389791919
5,Prevalence,565,Tennessee,3,Both,22,All Ages,558,Mental disorders,2,Percent,2019,0.17760435644172357,0.19025826103937754,0.16608136243400504
5,Prevalence,479,WHO region,3,Both,22,All Ages,558,Mental disorders,2,Percent,2019,0.13034805849930028,0.1401068185963271,0.12116666618978661
5,Prevalence,111,Dominican Republic,3,Both,22,All Ages,558,Mental disorders,2,Percent,2019,0.15118984975379962,0.1667196349510237,0.13799127258385685
5,Prevalence,4739,Maluku,3,Both,22,All Ages,558,Mental disorders,2,Percent,2019,0.11207511605251193,0.122068236683437,0.10218774542178623
5,Prevalence,35459,Tokushima,3,Both,22,All Ages,558,Mental disorders,2,Percent,2019,0.10102105588102406,0.10795411862205798,0.09425112542695639
5,Prevalence,4766,Pernambuco,3,Both,22,All Ages,558,Mental disorders,2,Percent,2019,0.17890873121977116,0.19344519484777678,0.1664339992941795
5,Prevalence,204,Chad,3,Both,22,All Ages,558,Mental disorders,2,Percent,2019,0.10230042198022835,0.11345451545717383,0.0926736856452296
5,Prevalence,4710,North Sumatra,3,Both,22,All Ages,558,Mental disorders,2,Percent,2019,0.1072372832830878,0.11566288995092058,0.09847435466367718
5,Prevalence,35638,Machakos,3,Both,22,All Ages,558,Mental disorders,2,Percent,2019,0.11888560697507193,0.1281255006170303,0.11042972934377404
5,Prevalence,569,Virginia,3,Both,22,All Ages,558,Mental disorders,2,Percent,2019,0.1736169851067081,0.186422839712547,0.1626755446967077
5,Prevalence,4646,Campeche,3,Both,22,All Ages,558,Mental disorders,2,Percent,2019,0.12936208319039366,0.13870314716843518,0.12039367895341913
5,Prevalence,544,Massachusetts,3,Both,22,All Ages,558,Mental disorders,2,Percent,2019,0.17331886109402303,0.18616009695815885,0.16180831843940224
5,Prevalence,532,Florida,3,Both,22,All Ages,558,Mental disorders,2,Percent,2019,0.17105369868881382,0.1835797119133393,0.15967867829819526
5,Prevalence,115,Jamaica,3,Both,22,All Ages,558,Mental disorders,2,Percent,2019,0.14568648783043137,0.16149366032410253,0.13286060010093595
5,Prevalence,4718,Riau Islands,3,Both,22,All Ages,558,Mental disorders,2,Percent,2019,0.10402737341205726,0.11303828586386769,0.0957701071117847
5,Prevalence,65,High-income Asia Pacific,3,Both,22,All Ages,558,Mental disorders,2,Percent,2019,0.10607669748766378,0.1138155399634029,0.0987186283816209
5,Prevalence,195,Namibia,3,Both,22,All Ages,558,Mental disorders,2,Percent,2019,0.10516076326912045,0.1156938404681856,0.0957531608250519
5,Prevalence,4749,England,3,Both,22,All Ages,558,Mental disorders,2,Percent,2019,0.15440486630507697,0.1640163018552099,0.14526924244486156
5,Prevalence,35463,Fukuoka,3,Both,22,All Ages,558,Mental disorders,2,Percent,2019,0.10135009969766687,0.10870073221687152,0.09438595514956939
5,Prevalence,4770,Rondônia,3,Both,22,All Ages,558,Mental disorders,2,Percent,2019,0.17436221884728423,0.18847034087158862,0.1621250557707545
5,Prevalence,208,Guinea,3,Both,22,All Ages,558,Mental disorders,2,Percent,2019,0.10272040880539379,0.11414659260789162,0.09268238181079246
5,Prevalence,35450,Ōsaka,3,Both,22,All Ages,558,Mental disorders,2,Percent,2019,0.10217213735918176,0.10943290624047214,0.09526364495023842
5,Prevalence,573,Wyoming,3,Both,22,All Ages,558,Mental disorders,2,Percent,2019,0.1745853002547168,0.1874154420021191,0.16291455877191835
5,Prevalence,536,Illinois,3,Both,22,All Ages,558,Mental disorders,2,Percent,2019,0.16785617370185163,0.18111892391232795,0.15649881340417332
5,Prevalence,35642,Meru,3,Both,22,All Ages,558,Mental disorders,2,Percent,2019,0.12002427309502105,0.12947891823018143,0.11109566550294067
5,Prevalence,548,Missouri,3,Both,22,All Ages,558,Mental disorders,2,Percent,2019,0.16501234363231215,0.17707301855870128,0.1535116670291832
5,Prevalence,4651,Mexico City,3,Both,22,All Ages,558,Mental disorders,2,Percent,2019,0.12374329853225204,0.13279344624744188,0.11521370297573592
5,Prevalence,35651,Nyandarua,3,Both,22,All Ages,558,Mental disorders,2,Percent,2019,0.12006396099200861,0.12907549529149123,0.11143750814146296
5,Prevalence,351,Guam,3,Both,22,All Ages,558,Mental disorders,2,Percent,2019,0.1171941728860812,0.12871682485107339,0.10716696996641817
5,Prevalence,4663,Puebla,3,Both,22,All Ages,558,Mental disorders,2,Percent,2019,0.12408270117672429,0.1332830310088812,0.11561632327965193
5,Prevalence,35438,Niigata,3,Both,22,All Ages,558,Mental disorders,2,Percent,2019,0.10284921101353169,0.1099417684413242,0.09635479850368286
5,Prevalence,393,Saint Kitts and Nevis,3,Both,22,All Ages,558,Mental disorders,2,Percent,2019,0.1582106168464081,0.17473881967777374,0.14333516423456732
5,Prevalence,120,Andean Latin America,3,Both,22,All Ages,558,Mental disorders,2,Percent,2019,0.14318085818673953,0.15879062889326,0.13022173922087435
5,Prevalence,150,Oman,3,Both,22,All Ages,558,Mental disorders,2,Percent,2019,0.14340187645246794,0.15829393338515663,0.13068010056793508
5,Prevalence,129,Honduras,3,Both,22,All Ages,558,Mental disorders,2,Percent,2019,0.12420341774210442,0.13687530268278517,0.11276459668059144
5,Prevalence,540,Kentucky,3,Both,22,All Ages,558,Mental disorders,2,Percent,2019,0.17439069210898264,0.18736879439144988,0.1630438205721817
5,Prevalence,4655,Hidalgo,3,Both,22,All Ages,558,Mental disorders,2,Percent,2019,0.1253672358918899,0.1343846567966479,0.11690875487955632
5,Prevalence,130,Mexico,3,Both,22,All Ages,558,Mental disorders,2,Percent,2019,0.12544469664992872,0.134370098675589,0.11714674930277508
5,Prevalence,552,New Hampshire,3,Both,22,All Ages,558,Mental disorders,2,Percent,2019,0.17569917170868354,0.1889878287307008,0.16414261198996938
5,Prevalence,68,Republic of Korea,3,Both,22,All Ages,558,Mental disorders,2,Percent,2019,0.11179427950962262,0.12257045327541705,0.10250924087912237
5,Prevalence,4775,São Paulo,3,Both,22,All Ages,558,Mental disorders,2,Percent,2019,0.17252136589854836,0.18677675232952648,0.15933148084440202
5,Prevalence,561,Pennsylvania,3,Both,22,All Ages,558,Mental disorders,2,Percent,2019,0.17302161754813117,0.1858360046151374,0.16130606077089574
5,Prevalence,156,United Arab Emirates,3,Both,22,All Ages,558,Mental disorders,2,Percent,2019,0.14052574789723782,0.1554278891553492,0.12645426498226492
5,Prevalence,35663,WestPokot,3,Both,22,All Ages,558,Mental disorders,2,Percent,2019,0.10250801751185658,0.11130767653977676,0.09371127161729466
5,Prevalence,107,Barbados,3,Both,22,All Ages,558,Mental disorders,2,Percent,2019,0.14904739613754037,0.1639771073898847,0.13641815050891878
5,Prevalence,553,New Jersey,3,Both,22,All Ages,558,Mental disorders,2,Percent,2019,0.16744794800302987,0.18005286874578996,0.15640801026306267
5,Prevalence,4618,North East England,3,Both,22,All Ages,558,Mental disorders,2,Percent,2019,0.1539446918657556,0.16362483779822987,0.14450295036139424
5,Prevalence,527,California,3,Both,22,All Ages,558,Mental disorders,2,Percent,2019,0.1692932783008513,0.18246744545486843,0.15795464162030273
5,Prevalence,44565,South-East Asia Region,3,Both,22,All Ages,558,Mental disorders,2,Percent,2019,0.13162544357496456,0.142986567197403,0.11907787016336571
5,Prevalence,434,Scotland,3,Both,22,All Ages,558,Mental disorders,2,Percent,2019,0.14276076982119235,0.15451169937399856,0.13184139330542002
5,Prevalence,4619,North West England,3,Both,22,All Ages,558,Mental disorders,2,Percent,2019,0.15333765930613977,0.16297660754186097,0.14405926382928716
5,Prevalence,35621,Elgeyo-Marakwet,3,Both,22,All Ages,558,Mental disorders,2,Percent,2019,0.11475357752116458,0.12373306826240514,0.10585480599047986
5,Prevalence,44761,Surrey,3,Both,22,All Ages,558,Mental disorders,2,Percent,2019,0.15438513100551293,0.1643582644339499,0.14469452933154628
5,Prevalence,35430,Fukushima,3,Both,22,All Ages,558,Mental disorders,2,Percent,2019,0.10166882816940895,0.10900622404635046,0.09475080856344119
5,Prevalence,4722,Central Java,3,Both,22,All Ages,558,Mental disorders,2,Percent,2019,0.11376899305102464,0.12253374528421773,0.10473330873589189
5,Prevalence,201,Burkina Faso,3,Both,22,All Ages,558,Mental disorders,2,Percent,2019,0.09968688051212111,0.11006899850369638,0.08992599878731465
5,Prevalence,4715,Bengkulu,3,Both,22,All Ages,558,Mental disorders,2,Percent,2019,0.11085728751530344,0.12000538958913819,0.10134046103618698
5,Prevalence,4736,Southeast Sulawesi,3,Both,22,All Ages,558,Mental disorders,2,Percent,2019,0.10786795350622051,0.11739507705727424,0.09919258803569442
5,Prevalence,44644,Northumberland,3,Both,22,All Ages,558,Mental disorders,2,Percent,2019,0.15451730980643305,0.1640354175150533,0.14486118700595393
5,Prevalence,35456,Okayama,3,Both,22,All Ages,558,Mental disorders,2,Percent,2019,0.10179107485134226,0.10910123541614468,0.09472687246038035
5,Prevalence,44591,World Bank Income Levels,3,Both,22,All Ages,558,Mental disorders,2,Percent,2019,0.13036912808714285,0.14012956946330174,0.12118572033289741
5,Prevalence,35442,Yamanashi,3,Both,22,All Ages,558,Mental disorders,2,Percent,2019,0.10241489939388843,0.10962986239857123,0.0956953402053166
5,Prevalence,35655,TaitaTaveta,3,Both,22,All Ages,558,Mental disorders,2,Percent,2019,0.1211655446739091,0.1302578434064614,0.11241454298465367
5,Prevalence,4725,Banten,3,Both,22,All Ages,558,Mental disorders,2,Percent,2019,0.10860352817605318,0.11774988104086803,0.0998685997264871
5,Prevalence,44786,Somerset,3,Both,22,All Ages,558,Mental disorders,2,Percent,2019,0.15359728781231166,0.16290110697721066,0.14351663000868903
5,Prevalence,422,United States Virgin Islands,3,Both,22,All Ages,558,Mental disorders,2,Percent,2019,0.14817459461748045,0.16248068464482254,0.1358183228025241
5,Prevalence,44686,Leeds,3,Both,22,All Ages,558,Mental disorders,2,Percent,2019,0.1546570994019253,0.16465319389775462,0.14487133274297334
5,Prevalence,44719,Hertfordshire,3,Both,22,All Ages,558,Mental disorders,2,Percent,2019,0.15482825009580034,0.16494514303879285,0.14486134134762893
5,Prevalence,44665,St Helens,3,Both,22,All Ages,558,Mental disorders,2,Percent,2019,0.15378145402565008,0.16362313052633504,0.1442257978651548
5,Prevalence,35637,Lamu,3,Both,22,All Ages,558,Mental disorders,2,Percent,2019,0.11395879391912198,0.12253402711330785,0.10548339703285992
5,Prevalence,44698,Derbyshire,3,Both,22,All Ages,558,Mental disorders,2,Percent,2019,0.1549211317009397,0.1648815020129191,0.14515645625923027
5,Prevalence,44753,Newham,3,Both,22,All Ages,558,Mental disorders,2,Percent,2019,0.15555746281896937,0.1670615331112704,0.14502435975127356
5,Prevalence,4753,Amapá,3,Both,22,All Ages,558,Mental disorders,2,Percent,2019,0.1768571265630736,0.19166212012982242,0.16365353754143477
5,Prevalence,69,Singapore,3,Both,22,All Ages,558,Mental disorders,2,Percent,2019,0.10996930526650787,0.12058794812301904,0.10087513994643943
5,Prevalence,44765,Bracknell Forest,3,Both,22,All Ages,558,Mental disorders,2,Percent,2019,0.15508531737742953,0.1654395784141908,0.14531453048437626
5,Prevalence,44728,Kensington and Chelsea,3,Both,22,All Ages,558,Mental disorders,2,Percent,2019,0.1574287546216475,0.16862888961120417,0.14715646818993763
5,Prevalence,4712,Riau,3,Both,22,All Ages,558,Mental disorders,2,Percent,2019,0.10340011801613218,0.11210822067173508,0.09493272108289443
5,Prevalence,44740,Harrow,3,Both,22,All Ages,558,Mental disorders,2,Percent,2019,0.15459443790044017,0.16414954134203597,0.1449896690870119
5,Prevalence,35432,Tochigi,3,Both,22,All Ages,558,Mental disorders,2,Percent,2019,0.1028117367845036,0.11020088625078461,0.09577143187521439
5,Prevalence,169,Central African Republic,3,Both,22,All Ages,558,Mental disorders,2,Percent,2019,0.13076910179019569,0.14393170016795442,0.11770399103412006
5,Prevalence,35625,Isiolo,3,Both,22,All Ages,558,Mental disorders,2,Percent,2019,0.11398486666130551,0.12396116481566147,0.10480264604483526
5,Prevalence,56,Eastern Europe,3,Both,22,All Ages,558,Mental disorders,2,Percent,2019,0.12330903398076284,0.13172748943757892,0.11481648284829993
5,Prevalence,44673,Salford,3,Both,22,All Ages,558,Mental disorders,2,Percent,2019,0.15329360580815513,0.1638193104709397,0.1433235582003523
5,Prevalence,44648,Redcar and Cleveland,3,Both,22,All Ages,558,Mental disorders,2,Percent,2019,0.15432175627749584,0.16418475095469884,0.14466544784041252
5,Prevalence,4750,Acre,3,Both,22,All Ages,558,Mental disorders,2,Percent,2019,0.1717624789529959,0.18658245414655175,0.15862160107695222
5,Prevalence,103,Latin America and Caribbean,3,Both,22,All Ages,558,Mental disorders,2,Percent,2019,0.1491783198364788,0.16149797431802554,0.1383654062293649
5,Prevalence,35435,Chiba,3,Both,22,All Ages,558,Mental disorders,2,Percent,2019,0.10326389198319699,0.11079071201144783,0.09616271836388805
5,Prevalence,305,Bermuda,3,Both,22,All Ages,558,Mental disorders,2,Percent,2019,0.149396766476133,0.16273520735051683,0.13682111938755165
5,Prevalence,4763,Pará,3,Both,22,All Ages,558,Mental disorders,2,Percent,2019,0.16673044112645238,0.18155956772920898,0.15361235806380652
5,Prevalence,524,Alaska,3,Both,22,All Ages,558,Mental disorders,2,Percent,2019,0.17292968414902848,0.18648396352613095,0.1615491310676163
5,Prevalence,4656,Jalisco,3,Both,22,All Ages,558,Mental disorders,2,Percent,2019,0.12714572802316024,0.13611658512435906,0.11861673061812376
5,Prevalence,35618,Bomet,3,Both,22,All Ages,558,Mental disorders,2,Percent,2019,0.1096009863597719,0.11915543822448363,0.10086612601056956
5,Prevalence,57,Belarus,3,Both,22,All Ages,558,Mental disorders,2,Percent,2019,0.13404858612214923,0.14557557336955818,0.12353723989511671
5,Prevalence,44774,Isle of Wight,3,Both,22,All Ages,558,Mental disorders,2,Percent,2019,0.15447997268068925,0.1639547379868057,0.14480617113821145
5,Prevalence,44707,Staffordshire,3,Both,22,All Ages,558,Mental disorders,2,Percent,2019,0.15329751953155163,0.16293442248393109,0.143450571358919
5,Prevalence,4723,Yogyakarta,3,Both,22,All Ages,558,Mental disorders,2,Percent,2019,0.11448967600420258,0.12340630803230503,0.10522265379280459
5,Prevalence,4716,Lampung,3,Both,22,All Ages,558,Mental disorders,2,Percent,2019,0.11187319859419588,0.1209119665120857,0.10241401001505601
5,Prevalence,44732,Bexley,3,Both,22,All Ages,558,Mental disorders,2,Percent,2019,0.1534037111765681,0.16350619459035148,0.14364667765193162
5,Prevalence,4658,Michoacán de Ocampo,3,Both,22,All Ages,558,Mental disorders,2,Percent,2019,0.12469466363125642,0.13365620671279663,0.11632665737226507
5,Prevalence,35436,Tōkyō,3,Both,22,All Ages,558,Mental disorders,2,Percent,2019,0.11141372768563934,0.11904098148929304,0.10427858891106935
5,Prevalence,60,Lithuania,3,Both,22,All Ages,558,Mental disorders,2,Percent,2019,0.14390611357539715,0.15637362420568157,0.13231945924079075
5,Prevalence,44744,Ealing,3,Both,22,All Ages,558,Mental disorders,2,Percent,2019,0.15447930303161336,0.164681147862467,0.1444479109105846
5,Prevalence,44790,Bournemouth,3,Both,22,All Ages,558,Mental disorders,2,Percent,2019,0.15491911824225452,0.16522120548674937,0.1447640945024426
5,Prevalence,44677,Manchester,3,Both,22,All Ages,558,Mental disorders,2,Percent,2019,0.15543364579402058,0.16680956240598943,0.14483113262400307
5,Prevalence,157,Yemen,3,Both,22,All Ages,558,Mental disorders,2,Percent,2019,0.15796286967048798,0.17516300270882398,0.14129635126418197
5,Prevalence,35440,Ishikawa,3,Both,22,All Ages,558,Mental disorders,2,Percent,2019,0.10223115755024775,0.10966477999791947,0.0952469002985544
5,Prevalence,44736,Hillingdon,3,Both,22,All Ages,558,Mental disorders,2,Percent,2019,0.15417190928063412,0.16431367689639587,0.1439654303959206
5,Prevalence,44690,Doncaster,3,Both,22,All Ages,558,Mental disorders,2,Percent,2019,0.15408773223049907,0.16365723588344888,0.14424358720390346
5,Prevalence,44748,Camden,3,Both,22,All Ages,558,Mental disorders,2,Percent,2019,0.1586603843817482,0.17009075958785427,0.14862511355911803
5,Prevalence,4720,Jakarta,3,Both,22,All Ages,558,Mental disorders,2,Percent,2019,0.10657307940914902,0.11548547320948699,0.09826318383163982
5,Prevalence,44749,Lambeth,3,Both,22,All Ages,558,Mental disorders,2,Percent,2019,0.15755726953637492,0.1692037907091183,0.14681251250314248
5,Prevalence,44682,Calderdale,3,Both,22,All Ages,558,Mental disorders,2,Percent,2019,0.15421078771677707,0.16391271676414784,0.1446525908820251
5,Prevalence,4660,Nayarit,3,Both,22,All Ages,558,Mental disorders,2,Percent,2019,0.12503715894706807,0.13409107360684622,0.11656279730583835
5,Prevalence,44702,Warwickshire,3,Both,22,All Ages,558,Mental disorders,2,Percent,2019,0.15425086876517174,0.16384187695723082,0.14460317470136713
5,Prevalence,81,Germany,3,Both,22,All Ages,558,Mental disorders,2,Percent,2019,0.1558776831818122,0.1707059326366022,0.14212053447219342
5,Prevalence,243,Middle East & North Africa - WB,3,Both,22,All Ages,558,Mental disorders,2,Percent,2019,0.1595690164705844,0.17357832069346574,0.14656377774077145
5,Prevalence,178,Eritrea,3,Both,22,All Ages,558,Mental disorders,2,Percent,2019,0.11671673307208888,0.12830064259577237,0.10551189844534864
5,Prevalence,4727,West Nusa Tenggara,3,Both,22,All Ages,558,Mental disorders,2,Percent,2019,0.1112273869968814,0.12059198274205825,0.10191231675238162
5,Prevalence,4755,Ceará,3,Both,22,All Ages,558,Mental disorders,2,Percent,2019,0.1739864898900968,0.18830865922592663,0.16105683243409827
5,Prevalence,61,Republic of Moldova,3,Both,22,All Ages,558,Mental disorders,2,Percent,2019,0.1371137935055341,0.14983664850356454,0.12528480319635854
5,Prevalence,144,Jordan,3,Both,22,All Ages,558,Mental disorders,2,Percent,2019,0.1518131160653458,0.16657298528165707,0.13779281473522817
5,Prevalence,4664,Querétaro,3,Both,22,All Ages,558,Mental disorders,2,Percent,2019,0.1274038172820687,0.13688089351468546,0.1185608229567012
5,Prevalence,44715,Sandwell,3,Both,22,All Ages,558,Mental disorders,2,Percent,2019,0.15383322492639764,0.16401083613353948,0.14377886102045875
5,Prevalence,44656,Stockport,3,Both,22,All Ages,558,Mental disorders,2,Percent,2019,0.1534194743696474,0.1632322510544715,0.143703224107386
5,Prevalence,44757,Islington,3,Both,22,All Ages,558,Mental disorders,2,Percent,2019,0.15857834151877473,0.17024831309479319,0.147623592586969
5,Prevalence,44769,Kent,3,Both,22,All Ages,558,Mental disorders,2,Percent,2019,0.15474556861421154,0.1645333868604074,0.1450926869283655
5,Prevalence,44711,Stoke-on-Trent,3,Both,22,All Ages,558,Mental disorders,2,Percent,2019,0.15348320016452097,0.16358009241063834,0.14383513449847546
5,Prevalence,44723,Norfolk,3,Both,22,All Ages,558,Mental disorders,2,Percent,2019,0.15426480847502927,0.163394447776737,0.14441340925528912
5,Prevalence,58,Estonia,3,Both,22,All Ages,558,Mental disorders,2,Percent,2019,0.13215686136455068,0.14345089214998355,0.1216317549888231
5,Prevalence,44652,South Tyneside,3,Both,22,All Ages,558,Mental disorders,2,Percent,2019,0.15425718823224854,0.16420607169218804,0.1446413419204426
5,Prevalence,44661,Cumbria,3,Both,22,All Ages,558,Mental disorders,2,Percent,2019,0.15379871826153066,0.1635962804817791,0.14385072665702853
5,Prevalence,82,Greece,3,Both,22,All Ages,558,Mental disorders,2,Percent,2019,0.1766707984173417,0.1914505215759785,0.16261534264790453
5,Prevalence,44669,Wigan,3,Both,22,All Ages,558,Mental disorders,2,Percent,2019,0.15457211414297217,0.16431234930654112,0.14492077120965546
5,Prevalence,35646,Nairobi,3,Both,22,All Ages,558,Mental disorders,2,Percent,2019,0.116787834034787,0.12695021745974328,0.10802678792122988
5,Prevalence,4759,Maranhão,3,Both,22,All Ages,558,Mental disorders,2,Percent,2019,0.1658294108744525,0.180104771274503,0.15314761754484063
5,Prevalence,35645,Murang'a,3,Both,22,All Ages,558,Mental disorders,2,Percent,2019,0.12207389563834761,0.13118165372003138,0.11362912485389401
5,Prevalence,35433,Gunma,3,Both,22,All Ages,558,Mental disorders,2,Percent,2019,0.10322325595114955,0.11033022586834741,0.09638262608479813
5,Prevalence,86,Italy,3,Both,22,All Ages,558,Mental disorders,2,Percent,2019,0.15578331313626081,0.16593982068032187,0.14612552402379905
5,Prevalence,35650,Nyamira,3,Both,22,All Ages,558,Mental disorders,2,Percent,2019,0.11355145349664732,0.12296069277767575,0.10515934526622947
5,Prevalence,44778,South Gloucestershire,3,Both,22,All Ages,558,Mental disorders,2,Percent,2019,0.15338556789294241,0.16307046552592996,0.14386651331968844
5,Prevalence,35443,Nagano,3,Both,22,All Ages,558,Mental disorders,2,Percent,2019,0.10188381326416755,0.10885715325979088,0.09501727278604287
5,Prevalence,35454,Tottori,3,Both,22,All Ages,558,Mental disorders,2,Percent,2019,0.10175629653695407,0.10902736794112171,0.09485954057799692
5,Prevalence,4732,East Kalimantan,3,Both,22,All Ages,558,Mental disorders,2,Percent,2019,0.10336220885719528,0.1119177374479354,0.09507335507790216
5,Prevalence,166,Sub-Saharan Africa,3,Both,22,All Ages,558,Mental disorders,2,Percent,2019,0.1076693124155242,0.11737610414399324,0.09864734033035372
5,Prevalence,5,East Asia,3,Both,22,All Ages,558,Mental disorders,2,Percent,2019,0.11757194805539233,0.12593600836700947,0.10931081482861409
5,Prevalence,433,Northern Ireland,3,Both,22,All Ages,558,Mental disorders,2,Percent,2019,0.17339762668079955,0.18904322444734778,0.15918640738416215
5,Prevalence,149,Palestine,3,Both,22,All Ages,558,Mental disorders,2,Percent,2019,0.17631576618356787,0.1935621175648552,0.16031367492560497
5,Prevalence,25,Micronesia (Federated States of),3,Both,22,All Ages,558,Mental disorders,2,Percent,2019,0.11988003151352132,0.13259783601404743,0.10871933096520542
5,Prevalence,167,Central Sub-Saharan Africa,3,Both,22,All Ages,558,Mental disorders,2,Percent,2019,0.11927040315883915,0.13151815721225982,0.1081144094341459
5,Prevalence,6,China,3,Both,22,All Ages,558,Mental disorders,2,Percent,2019,0.11752325861016422,0.1257614149394768,0.10923922514274889
5,Prevalence,35437,Kanagawa,3,Both,22,All Ages,558,Mental disorders,2,Percent,2019,0.10417769379752671,0.11161848698777362,0.09719922556414759
5,Prevalence,35654,Siaya,3,Both,22,All Ages,558,Mental disorders,2,Percent,2019,0.11213246475087169,0.12103201379585264,0.10325870397396779
5,Prevalence,44694,Leicestershire,3,Both,22,All Ages,558,Mental disorders,2,Percent,2019,0.15482318453464308,0.16481694442269829,0.14507962009182135
5,Prevalence,35656,TanaRiver,3,Both,22,All Ages,558,Mental disorders,2,Percent,2019,0.10472881562929777,0.11361027815223189,0.09575302356470759
5,Prevalence,44703,"Herefordshire, County of",3,Both,22,All Ages,558,Mental disorders,2,Percent,2019,0.15368921327241725,0.16329755956136144,0.14423249009172473
5,Prevalence,79,Finland,3,Both,22,All Ages,558,Mental disorders,2,Percent,2019,0.1489779732208367,0.16118367203238795,0.13865288581173893
5,Prevalence,35447,Mie,3,Both,22,All Ages,558,Mental disorders,2,Percent,2019,0.1019777446360016,0.10911524914940797,0.09506455103096154
5,Prevalence,211,Mali,3,Both,22,All Ages,558,Mental disorders,2,Percent,2019,0.09097024269160071,0.1011850859619192,0.08156533788959085
5,Prevalence,35458,Yamaguchi,3,Both,22,All Ages,558,Mental disorders,2,Percent,2019,0.10151629244134373,0.10861857390125362,0.09474242724547147
5,Prevalence,78,Denmark,3,Both,22,All Ages,558,Mental disorders,2,Percent,2019,0.14449069268454395,0.15751340205411532,0.13331357062427238
5,Prevalence,525,Arizona,3,Both,22,All Ages,558,Mental disorders,2,Percent,2019,0.17609813921959794,0.18864467733548498,0.1648144103288225
5,Prevalence,4648,Colima,3,Both,22,All Ages,558,Mental disorders,2,Percent,2019,0.12728316974859322,0.13675817907966512,0.11862229439185214
5,Prevalence,555,New York,3,Both,22,All Ages,558,Mental disorders,2,Percent,2019,0.17017736720927595,0.1829801329956409,0.15867201595479533
5,Prevalence,4669,Tabasco,3,Both,22,All Ages,558,Mental disorders,2,Percent,2019,0.12836146220563968,0.13741164792923682,0.11952443654422473
5,Prevalence,534,Hawaii,3,Both,22,All Ages,558,Mental disorders,2,Percent,2019,0.16830165656383225,0.18047955022057707,0.15703051253980743
5,Prevalence,4737,Gorontalo,3,Both,22,All Ages,558,Mental disorders,2,Percent,2019,0.11292259367304693,0.12262901136546925,0.10328285554199172
5,Prevalence,4764,Paraíba,3,Both,22,All Ages,558,Mental disorders,2,Percent,2019,0.17284118779622945,0.1869949476852354,0.15999674420195018
5,Prevalence,122,Ecuador,3,Both,22,All Ages,558,Mental disorders,2,Percent,2019,0.1469088176206338,0.1624912419067991,0.13432579300749098
5,Prevalence,24,Marshall Islands,3,Both,22,All Ages,558,Mental disorders,2,Percent,2019,0.11759044977315429,0.1302441423025864,0.10654487967462138
5,Prevalence,202,Cameroon,3,Both,22,All Ages,558,Mental disorders,2,Percent,2019,0.10624516766126381,0.11688183994386929,0.09686074697677163
5,Prevalence,4724,East Java,3,Both,22,All Ages,558,Mental disorders,2,Percent,2019,0.11270315523102736,0.12109945491496493,0.10387446419210491
5,Prevalence,35444,Gifu,3,Both,22,All Ages,558,Mental disorders,2,Percent,2019,0.09863239003289662,0.10537518159705972,0.09144304789210853
5,Prevalence,153,Syrian Arab Republic,3,Both,22,All Ages,558,Mental disorders,2,Percent,2019,0.16769855501972591,0.1838180161587553,0.15237914628708066
5,Prevalence,155,Turkey,3,Both,22,All Ages,558,Mental disorders,2,Percent,2019,0.15108877163784815,0.16512684102497524,0.13858423059103975
5,Prevalence,369,Nauru,3,Both,22,All Ages,558,Mental disorders,2,Percent,2019,0.11274824353878382,0.12570296398364905,0.10193095213068587
5,Prevalence,44634,High-middle SDI,3,Both,22,All Ages,558,Mental disorders,2,Percent,2019,0.13019150065828433,0.13906177099750253,0.12090617440956383
5,Prevalence,44566,European Region,3,Both,22,All Ages,558,Mental disorders,2,Percent,2019,0.1415809843005765,0.1523150986011948,0.131684103539317
5,Prevalence,545,Michigan,3,Both,22,All Ages,558,Mental disorders,2,Percent,2019,0.17207680616298254,0.18457532884345967,0.16062678062439006
5,Prevalence,171,Democratic Republic of the Congo,3,Both,22,All Ages,558,Mental disorders,2,Percent,2019,0.12086045196843151,0.13355281412243117,0.1090172116595146
5,Prevalence,177,Djibouti,3,Both,22,All Ages,558,Mental disorders,2,Percent,2019,0.11335571575619673,0.12355271717086799,0.1032276255632931
5,Prevalence,35441,Fukui,3,Both,22,All Ages,558,Mental disorders,2,Percent,2019,0.10207925244221085,0.10911584002736464,0.09534702365713302
5,Prevalence,4713,Jambi,3,Both,22,All Ages,558,Mental disorders,2,Percent,2019,0.11004570375369022,0.1193778185660457,0.10091711135737474
5,Prevalence,11,Indonesia,3,Both,22,All Ages,558,Mental disorders,2,Percent,2019,0.1101400429367014,0.11885235260891222,0.10131227413281271
5,Prevalence,35660,UasinGishu,3,Both,22,All Ages,558,Mental disorders,2,Percent,2019,0.11438743418474437,0.12392266589629544,0.10602732311243399
5,Prevalence,35451,Hyōgo,3,Both,22,All Ages,558,Mental disorders,2,Percent,2019,0.10286353553430952,0.11009584298113508,0.09595443483789487
5,Prevalence,4944,Stockholm,3,Both,22,All Ages,558,Mental disorders,2,Percent,2019,0.15186925258510825,0.16199625759365438,0.1420628343199935
5,Prevalence,4773,Santa Catarina,3,Both,22,All Ages,558,Mental disorders,2,Percent,2019,0.18790153547685123,0.20235097979944833,0.1750444464356414
5,Prevalence,35452,Nara,3,Both,22,All Ages,558,Mental disorders,2,Percent,2019,0.10185256919794713,0.10880669461285504,0.09510611572890186
5,Prevalence,84,Ireland,3,Both,22,All Ages,558,Mental disorders,2,Percent,2019,0.17707380261873387,0.1925051389141775,0.16269122202157976
5,Prevalence,4728,East Nusa Tenggara,3,Both,22,All Ages,558,Mental disorders,2,Percent,2019,0.11057514937298961,0.1201297184033139,0.10106734063461002
5,Prevalence,35462,Kōchi,3,Both,22,All Ages,558,Mental disorders,2,Percent,2019,0.10135408961237982,0.10842642092089848,0.09444256346623635
5,Prevalence,559,Oklahoma,3,Both,22,All Ages,558,Mental disorders,2,Percent,2019,0.17611625172288592,0.18859135044285105,0.16445906090002704
5,Prevalence,216,Senegal,3,Both,22,All Ages,558,Mental disorders,2,Percent,2019,0.09944985425128786,0.10977251919367428,0.08984798046222081
5,Prevalence,127,El Salvador,3,Both,22,All Ages,558,Mental disorders,2,Percent,2019,0.13389163610115726,0.1471808728553984,0.12213299259994925
5,Prevalence,4729,West Kalimantan,3,Both,22,All Ages,558,Mental disorders,2,Percent,2019,0.10852832747069553,0.1171883275385382,0.09950119941407351
5,Prevalence,83,Iceland,3,Both,22,All Ages,558,Mental disorders,2,Percent,2019,0.14719262763609536,0.16137659548488048,0.1352838325855407
5,Prevalence,160,Afghanistan,3,Both,22,All Ages,558,Mental disorders,2,Percent,2019,0.1624618328880005,0.1820086655223028,0.1442385146498514
5,Prevalence,28,Solomon Islands,3,Both,22,All Ages,558,Mental disorders,2,Percent,2019,0.1159326627841316,0.12901282027956523,0.10426472684597012
5,Prevalence,35466,Kumamoto,3,Both,22,All Ages,558,Mental disorders,2,Percent,2019,0.10172136531195335,0.10895076696879863,0.094994057067134
5,Prevalence,35465,Nagasaki,3,Both,22,All Ages,558,Mental disorders,2,Percent,2019,0.10074950711203638,0.108002218888396,0.09415243059170073
5,Prevalence,385,Puerto Rico,3,Both,22,All Ages,558,Mental disorders,2,Percent,2019,0.14672761035556464,0.16143539042006616,0.13421611513290085
5,Prevalence,4717,Bangka-Belitung Islands,3,Both,22,All Ages,558,Mental disorders,2,Percent,2019,0.10930824152070985,0.11808875569632994,0.10067054329565105
5,Prevalence,187,Somalia,3,Both,22,All Ages,558,Mental disorders,2,Percent,2019,0.1269510141419524,0.1416606801439904,0.11098733340575745
5,Prevalence,35427,Miyagi,3,Both,22,All Ages,558,Mental disorders,2,Percent,2019,0.10272597830742093,0.11005133540231188,0.09598116043124634
5,Prevalence,35,Georgia,3,Both,22,All Ages,558,Mental disorders,2,Percent,2019,0.11675453531546132,0.1262148881190111,0.10749517111482909
5,Prevalence,44782,Devon,3,Both,22,All Ages,558,Mental disorders,2,Percent,2019,0.15354297436083497,0.1631840869111522,0.14396508631146665
5,Prevalence,109,Cuba,3,Both,22,All Ages,558,Mental disorders,2,Percent,2019,0.15819954886359652,0.17248503853908476,0.1455134891613237
5,Prevalence,563,South Carolina,3,Both,22,All Ages,558,Mental disorders,2,Percent,2019,0.17331519174277218,0.18649721905245656,0.16173003949333634
5,Prevalence,87,Luxembourg,3,Both,22,All Ages,558,Mental disorders,2,Percent,2019,0.1519664545326276,0.16606649287300693,0.14001596391031282
5,Prevalence,110,Dominica,3,Both,22,All Ages,558,Mental disorders,2,Percent,2019,0.14743215210518276,0.16223925859066546,0.1345132755558233
5,Prevalence,182,Malawi,3,Both,22,All Ages,558,Mental disorders,2,Percent,2019,0.11245848051213198,0.12439457338969027,0.10127181013370963
5,Prevalence,367,Monaco,3,Both,22,All Ages,558,Mental disorders,2,Percent,2019,0.16140342582072179,0.17696710602918422,0.14766251451562312
5,Prevalence,4733,North Sulawesi,3,Both,22,All Ages,558,Mental disorders,2,Percent,2019,0.11192013165152567,0.12064382022952995,0.10322210478372748
5,Prevalence,535,Idaho,3,Both,22,All Ages,558,Mental disorders,2,Percent,2019,0.17797255218962485,0.1905569707961751,0.166126407981296
5,Prevalence,44567,Eastern Mediterranean Region,3,Both,22,All Ages,558,Mental disorders,2,Percent,2019,0.14733624168624146,0.1602594364854004,0.13496219632443582
5,Prevalence,35469,Kagoshima,3,Both,22,All Ages,558,Mental disorders,2,Percent,2019,0.09675553486970062,0.10373921235283777,0.08990843306471986
5,Prevalence,416,Tuvalu,3,Both,22,All Ages,558,Mental disorders,2,Percent,2019,0.12234181294640098,0.13508898361504085,0.11110558071046417
5,Prevalence,35470,Okinawa,3,Both,22,All Ages,558,Mental disorders,2,Percent,2019,0.10291882845473364,0.11066378807266088,0.09569437594072452
5,Prevalence,4721,West Java,3,Both,22,All Ages,558,Mental disorders,2,Percent,2019,0.10976047782595069,0.11865072973519145,0.10091822718558392
5,Prevalence,39,Tajikistan,3,Both,22,All Ages,558,Mental disorders,2,Percent,2019,0.10696644585510989,0.11774809508861503,0.0973080937118367
5,Prevalence,4625,South East England,3,Both,22,All Ages,558,Mental disorders,2,Percent,2019,0.15466476129580656,0.1639375133702003,0.14525968507390036
5,Prevalence,192,Southern Sub-Saharan Africa,3,Both,22,All Ages,558,Mental disorders,2,Percent,2019,0.11720101323659582,0.1262127241713711,0.10894807903359309
5,Prevalence,114,Haiti,3,Both,22,All Ages,558,Mental disorders,2,Percent,2019,0.14935541865654808,0.1665824611671457,0.13529406251095677
5,Prevalence,35624,HomaBay,3,Both,22,All Ages,558,Mental disorders,2,Percent,2019,0.1081444978213456,0.11693052996690127,0.09956064855603486
5,Prevalence,380,Palau,3,Both,22,All Ages,558,Mental disorders,2,Percent,2019,0.12406721740055357,0.13729585928309807,0.11291714851802613
5,Prevalence,35619,Bungoma,3,Both,22,All Ages,558,Mental disorders,2,Percent,2019,0.10690400638696308,0.11565091107923103,0.09839931505597273
5,Prevalence,4622,West Midlands,3,Both,22,All Ages,558,Mental disorders,2,Percent,2019,0.15357625033988836,0.1629931540544742,0.14433798222906313
5,Prevalence,1,Global,3,Both,22,All Ages,558,Mental disorders,2,Percent,2019,0.13037324442153692,0.14013396953520063,0.12118858140472102
5,Prevalence,44,Bosnia and Herzegovina,3,Both,22,All Ages,558,Mental disorders,2,Percent,2019,0.12407343766041891,0.13540667550222546,0.11330699075297208
5,Prevalence,118,Suriname,3,Both,22,All Ages,558,Mental disorders,2,Percent,2019,0.15797465643008268,0.17293913852522855,0.1452480909651734
5,Prevalence,35424,Hokkaidō,3,Both,22,All Ages,558,Mental disorders,2,Percent,2019,0.10196056383504246,0.1089540426808229,0.09531883099495393
5,Prevalence,4657,México,3,Both,22,All Ages,558,Mental disorders,2,Percent,2019,0.12444572954288494,0.13400262023502485,0.11602001853741542
5,Prevalence,119,Trinidad and Tobago,3,Both,22,All Ages,558,Mental disorders,2,Percent,2019,0.15049483878009984,0.16427370559419316,0.13810153939546368
5,Prevalence,197,Eswatini,3,Both,22,All Ages,558,Mental disorders,2,Percent,2019,0.11169931584449685,0.12241511637503782,0.10210920020904946
5,Prevalence,413,Tokelau,3,Both,22,All Ages,558,Mental disorders,2,Percent,2019,0.11468832950733168,0.1262639895993327,0.10393518691059606
5,Prevalence,4751,Alagoas,3,Both,22,All Ages,558,Mental disorders,2,Percent,2019,0.17686252326396903,0.1908089592156493,0.1644241793875138
5,Prevalence,35628,Kericho,3,Both,22,All Ages,558,Mental disorders,2,Percent,2019,0.11374394686046395,0.12262969056847481,0.10531539286639338
5,Prevalence,35657,TharakaNithi,3,Both,22,All Ages,558,Mental disorders,2,Percent,2019,0.11347168963513506,0.12254448977413884,0.10530767979521946
5,Prevalence,4752,Amazonas,3,Both,22,All Ages,558,Mental disorders,2,Percent,2019,0.16663968124691145,0.18091206483279199,0.1539491017889535
5,Prevalence,4661,Nuevo León,3,Both,22,All Ages,558,Mental disorders,2,Percent,2019,0.12688500069542308,0.1361030928404815,0.11819907230925955
5,Prevalence,168,Angola,3,Both,22,All Ages,558,Mental disorders,2,Percent,2019,0.1119853106753415,0.1229879053095331,0.10166300822454426
5,Prevalence,35632,Kisii,3,Both,22,All Ages,558,Mental disorders,2,Percent,2019,0.1154632203445579,0.12479723853262453,0.10670205527648516
5,Prevalence,35661,Vihiga,3,Both,22,All Ages,558,Mental disorders,2,Percent,2019,0.11815886678143822,0.1278038722671571,0.10905845834897468
5,Prevalence,4756,Distrito Federal,3,Both,22,All Ages,558,Mental disorders,2,Percent,2019,0.17971610673406227,0.19448135519922702,0.1666758706398573
5,Prevalence,4647,Coahuila,3,Both,22,All Ages,558,Mental disorders,2,Percent,2019,0.12608264559281449,0.13523674759608703,0.11739513219567237
5,Prevalence,4668,Sonora,3,Both,22,All Ages,558,Mental disorders,2,Percent,2019,0.12711218180614517,0.13584098919402088,0.118605579687798
5,Prevalence,4940,Sweden except Stockholm,3,Both,22,All Ages,558,Mental disorders,2,Percent,2019,0.15675859263890043,0.1669768791433981,0.14709072041809815
5,Prevalence,35426,Iwate,3,Both,22,All Ages,558,Mental disorders,2,Percent,2019,0.10270822429672932,0.1099981574720926,0.09613078971527729
5,Prevalence,35635,Kwale,3,Both,22,All Ages,558,Mental disorders,2,Percent,2019,0.1095045750186965,0.1179661589800953,0.10110027474431381
5,Prevalence,8,Taiwan (Province of China),3,Both,22,All Ages,558,Mental disorders,2,Percent,2019,0.11478245688351435,0.126511264909926,0.10377751338995504
5,Prevalence,14,Maldives,3,Both,22,All Ages,558,Mental disorders,2,Percent,2019,0.11393678244323283,0.12606884113367306,0.10308742419360455
5,Prevalence,33,Armenia,3,Both,22,All Ages,558,Mental disorders,2,Percent,2019,0.11903198003823247,0.12942840259929156,0.10917876782803525
5,Prevalence,46,Croatia,3,Both,22,All Ages,558,Mental disorders,2,Percent,2019,0.1271392234236414,0.13818826278496255,0.11685067008921263
5,Prevalence,196,South Africa,3,Both,22,All Ages,558,Mental disorders,2,Percent,2019,0.1212247073977611,0.1297689553223874,0.11323815877027898
5,Prevalence,4665,Quintana Roo,3,Both,22,All Ages,558,Mental disorders,2,Percent,2019,0.13045117948549279,0.1400687708277764,0.12139650720690874
5,Prevalence,554,New Mexico,3,Both,22,All Ages,558,Mental disorders,2,Percent,2019,0.17876714445865574,0.19208160988202228,0.1671753051164678
5,Prevalence,210,Liberia,3,Both,22,All Ages,558,Mental disorders,2,Percent,2019,0.1152602551243169,0.1279016878746706,0.10388923307013186
5,Prevalence,4620,Yorkshire and the Humber,3,Both,22,All Ages,558,Mental disorders,2,Percent,2019,0.15446056567864314,0.16412824204310464,0.14499074955023136
5,Prevalence,4760,Minas Gerais,3,Both,22,All Ages,558,Mental disorders,2,Percent,2019,0.17731120919793109,0.19085234452397726,0.1647153339199924
5,Prevalence,4621,East Midlands,3,Both,22,All Ages,558,Mental disorders,2,Percent,2019,0.15473919145606074,0.16445762707844938,0.14542852852214583
5,Prevalence,558,Ohio,3,Both,22,All Ages,558,Mental disorders,2,Percent,2019,0.17178108723317717,0.18408003293144695,0.16025207692651894
5,Prevalence,215,Sao Tome and Principe,3,Both,22,All Ages,558,Mental disorders,2,Percent,2019,0.1051441817840425,0.11558615006944147,0.09565817044576018
5,Prevalence,4673,Yucatán,3,Both,22,All Ages,558,Mental disorders,2,Percent,2019,0.12988458278208015,0.1395036782017389,0.12121098067544676
5,Prevalence,50,Montenegro,3,Both,22,All Ages,558,Mental disorders,2,Percent,2019,0.12367649256063748,0.13508458848678676,0.11328393011182453
5,Prevalence,35639,Makueni,3,Both,22,All Ages,558,Mental disorders,2,Percent,2019,0.11670810416439366,0.12578893230482446,0.10778383470114747
5,Prevalence,562,Rhode Island,3,Both,22,All Ages,558,Mental disorders,2,Percent,2019,0.17927116849569252,0.1920044031497157,0.1679206476124
5,Prevalence,4643,Aguascalientes,3,Both,22,All Ages,558,Mental disorders,2,Percent,2019,0.1268259695171019,0.1362801670146489,0.11832040732325225
5,Prevalence,4711,West Sumatra,3,Both,22,All Ages,558,Mental disorders,2,Percent,2019,0.10896999961985142,0.11795555297735784,0.10033330916930826
5,Prevalence,161,Bangladesh,3,Both,22,All Ages,558,Mental disorders,2,Percent,2019,0.11833416555953936,0.12981897158420624,0.10848695102071475
5,Prevalence,35643,Migori,3,Both,22,All Ages,558,Mental disorders,2,Percent,2019,0.10370208493511206,0.11262206173378406,0.09547343329476081
5,Prevalence,533,Georgia,3,Both,22,All Ages,558,Mental disorders,2,Percent,2019,0.17301419585023065,0.18641060622420458,0.16140615278128578
5,Prevalence,4719,North Kalimantan,3,Both,22,All Ages,558,Mental disorders,2,Percent,2019,0.10405054251229463,0.1124071870595237,0.0957039855812659
5,Prevalence,97,Argentina,3,Both,22,All Ages,558,Mental disorders,2,Percent,2019,0.13835528163462077,0.14711845407838714,0.12994700200144493
5,Prevalence,556,North Carolina,3,Both,22,All Ages,558,Mental disorders,2,Percent,2019,0.16402720360322445,0.17703597617437034,0.15237162372299734
5,Prevalence,568,Vermont,3,Both,22,All Ages,558,Mental disorders,2,Percent,2019,0.17235708738056849,0.18475165021345558,0.16108902268629713
5,Prevalence,133,Venezuela (Bolivarian Republic of),3,Both,22,All Ages,558,Mental disorders,2,Percent,2019,0.13868193253349592,0.1527985192935547,0.1268679845261473
5,Prevalence,522,Sudan,3,Both,22,All Ages,558,Mental disorders,2,Percent,2019,0.15679494184018913,0.17324620443478145,0.1408734562587639
5,Prevalence,543,Maryland,3,Both,22,All Ages,558,Mental disorders,2,Percent,2019,0.16881716404309963,0.18123467025976067,0.15753420351021402
5,Prevalence,4645,Baja California Sur,3,Both,22,All Ages,558,Mental disorders,2,Percent,2019,0.12834297118668228,0.1374391140670136,0.11976680098489878
5,Prevalence,51,Poland,3,Both,22,All Ages,558,Mental disorders,2,Percent,2019,0.11161075052792321,0.11946016965463735,0.10369143116059483
5,Prevalence,35620,Busia,3,Both,22,All Ages,558,Mental disorders,2,Percent,2019,0.10605492058675911,0.11469505135336801,0.09771819880794362
5,Prevalence,205,Côte d'Ivoire,3,Both,22,All Ages,558,Mental disorders,2,Percent,2019,0.10023645904615812,0.11094299799100106,0.09116830375805028
5,Prevalence,124,Central Latin America,3,Both,22,All Ages,558,Mental disorders,2,Percent,2019,0.12742429166734856,0.13784159973210217,0.1180535618602811
5,Prevalence,537,Indiana,3,Both,22,All Ages,558,Mental disorders,2,Percent,2019,0.17565506734266706,0.18854804704862368,0.16367110207574279
5,Prevalence,547,Mississippi,3,Both,22,All Ages,558,Mental disorders,2,Percent,2019,0.17073814871984322,0.18402373693223653,0.15908539532450724
5,Prevalence,55,Slovenia,3,Both,22,All Ages,558,Mental disorders,2,Percent,2019,0.12575581348509848,0.13651871354823913,0.11585037446547795
5,Prevalence,526,Arkansas,3,Both,22,All Ages,558,Mental disorders,2,Percent,2019,0.17802830039689463,0.19071369722255907,0.1670480548889665
5,Prevalence,4650,Chihuahua,3,Both,22,All Ages,558,Mental disorders,2,Percent,2019,0.12730574975054365,0.13666865481063195,0.11882536668633158
5,Prevalence,541,Louisiana,3,Both,22,All Ages,558,Mental disorders,2,Percent,2019,0.16821882026448626,0.18109121657686653,0.156335359561171
5,Prevalence,128,Guatemala,3,Both,22,All Ages,558,Mental disorders,2,Percent,2019,0.1295543911853139,0.1427965978139099,0.1183132681072411
5,Prevalence,74,Andorra,3,Both,22,All Ages,558,Mental disorders,2,Percent,2019,0.1601925315316957,0.17483498401083714,0.1472264014058049
5,Prevalence,551,Nevada,3,Both,22,All Ages,558,Mental disorders,2,Percent,2019,0.17602519956078033,0.18868845726554664,0.16464113617864645
5,Prevalence,4654,Guerrero,3,Both,22,All Ages,558,Mental disorders,2,Percent,2019,0.11870654022761115,0.1273096163120864,0.110372346465795
5,Prevalence,140,Bahrain,3,Both,22,All Ages,558,Mental disorders,2,Percent,2019,0.15838063806225328,0.1739614469768737,0.1434785412387254
5,Prevalence,531,District of Columbia,3,Both,22,All Ages,558,Mental disorders,2,Percent,2019,0.1691112032786417,0.18405862639531212,0.15721431311988035
5,Prevalence,44560,America,3,Both,22,All Ages,558,Mental disorders,2,Percent,2019,0.15557429162564845,0.16752004606030327,0.1449715647558898
5,Prevalence,4649,Chiapas,3,Both,22,All Ages,558,Mental disorders,2,Percent,2019,0.11970358510801375,0.12895727258052941,0.11140277506387915
5,Prevalence,44561,Asia,3,Both,22,All Ages,558,Mental disorders,2,Percent,2019,0.12653348220383107,0.13633108955271006,0.11690948788385992
5,Prevalence,44562,Europe,3,Both,22,All Ages,558,Mental disorders,2,Percent,2019,0.1446249564356998,0.15541568417040727,0.1344534329052084
5,Prevalence,566,Texas,3,Both,22,All Ages,558,Mental disorders,2,Percent,2019,0.1620699243573585,0.17514568957884663,0.15041818758407363
5,Prevalence,35439,Toyama,3,Both,22,All Ages,558,Mental disorders,2,Percent,2019,0.10237003039583033,0.10976746379942244,0.09560046867591658
5,Prevalence,4740,North Maluku,3,Both,22,All Ages,558,Mental disorders,2,Percent,2019,0.11293450576370105,0.1234441631427813,0.10250250005107372
5,Prevalence,4767,Piaui,3,Both,22,All Ages,558,Mental disorders,2,Percent,2019,0.16939133412802765,0.18340591462286268,0.157209219167678
5,Prevalence,4768,Rio de Janeiro,3,Both,22,All Ages,558,Mental disorders,2,Percent,2019,0.17530328173316428,0.19013845057949147,0.16241903679863995
5,Prevalence,35460,Kagawa,3,Both,22,All Ages,558,Mental disorders,2,Percent,2019,0.10169168255084746,0.10866292813856052,0.09480848416252019
5,Prevalence,528,Colorado,3,Both,22,All Ages,558,Mental disorders,2,Percent,2019,0.178249046578592,0.1913562966235254,0.16695880397109647
5,Prevalence,4757,Espírito Santo,3,Both,22,All Ages,558,Mental disorders,2,Percent,2019,0.17801973573442403,0.19229380976782184,0.16555555750092552
5,Prevalence,4730,Central Kalimantan,3,Both,22,All Ages,558,Mental disorders,2,Percent,2019,0.10867900400134692,0.11779078479625586,0.09967657308466978
5,Prevalence,44568,Western Pacific Region,3,Both,22,All Ages,558,Mental disorders,2,Percent,2019,0.11658647497443736,0.12477197242718761,0.10836886847684192
5,Prevalence,35448,Shiga,3,Both,22,All Ages,558,Mental disorders,2,Percent,2019,0.10295276744651041,0.11036691245404431,0.09584804268637413
5,Prevalence,206,Gambia,3,Both,22,All Ages,558,Mental disorders,2,Percent,2019,0.11559644285804664,0.12762168901818935,0.10450874269778603
5,Prevalence,104,Caribbean,3,Both,22,All Ages,558,Mental disorders,2,Percent,2019,0.1518916615718933,0.1672768062074218,0.13889057758025844
5,Prevalence,570,Washington,3,Both,22,All Ages,558,Mental disorders,2,Percent,2019,0.1751510494872321,0.1883735775209629,0.1635691452220364
5,Prevalence,529,Connecticut,3,Both,22,All Ages,558,Mental disorders,2,Percent,2019,0.16429020354993484,0.1767684944885394,0.15249328944713642
5,Prevalence,538,Iowa,3,Both,22,All Ages,558,Mental disorders,2,Percent,2019,0.1669901553197542,0.18013564775799243,0.15577925428353726
5,Prevalence,4623,East of England,3,Both,22,All Ages,558,Mental disorders,2,Percent,2019,0.15472085911982855,0.164301961872114,0.14512725347420863
5,Prevalence,4674,Zacatecas,3,Both,22,All Ages,558,Mental disorders,2,Percent,2019,0.12466378213137,0.1341872634004125,0.11633547197456312
5,Prevalence,35641,Marsabit,3,Both,22,All Ages,558,Mental disorders,2,Percent,2019,0.10910471604791562,0.11823008606116171,0.09996691274801707
5,Prevalence,4741,West Papua,3,Both,22,All Ages,558,Mental disorders,2,Percent,2019,0.10244805489215571,0.11127134841602025,0.09377520288192961
5,Prevalence,108,Belize,3,Both,22,All Ages,558,Mental disorders,2,Percent,2019,0.1466748366234025,0.16289105824829128,0.1331220425654979
5,Prevalence,549,Montana,3,Both,22,All Ages,558,Mental disorders,2,Percent,2019,0.17294108819300755,0.18544353656348112,0.16167080107701048
5,Prevalence,44653,Sunderland,3,Both,22,All Ages,558,Mental disorders,2,Percent,2019,0.1542398979104289,0.16423361653117774,0.14402446368090674
5,Prevalence,44645,Stockton-on-Tees,3,Both,22,All Ages,558,Mental disorders,2,Percent,2019,0.15405098990971772,0.1639306841502332,0.14455610002567373
5,Prevalence,4,"Southeast Asia, East Asia, and Oceania",3,Both,22,All Ages,558,Mental disorders,2,Percent,2019,0.11609702916007236,0.12462484315657753,0.1076535056964045
5,Prevalence,172,Equatorial Guinea,3,Both,22,All Ages,558,Mental disorders,2,Percent,2019,0.11875394494530483,0.13094211055242197,0.10801235529895456
5,Prevalence,44654,Hartlepool,3,Both,22,All Ages,558,Mental disorders,2,Percent,2019,0.15453131691993863,0.16447763055959144,0.14425502518094724
5,Prevalence,18,Thailand,3,Both,22,All Ages,558,Mental disorders,2,Percent,2019,0.1279685781006641,0.14014852148516585,0.11614975508477081
5,Prevalence,10,Cambodia,3,Both,22,All Ages,558,Mental disorders,2,Percent,2019,0.12204691583097696,0.13535070478226705,0.1104702894462432
5,Prevalence,4652,Durango,3,Both,22,All Ages,558,Mental disorders,2,Percent,2019,0.12447836539897644,0.133417390867116,0.11607334385461332
5,Prevalence,173,Gabon,3,Both,22,All Ages,558,Mental disorders,2,Percent,2019,0.125443772565054,0.13780079331982878,0.11462060223047449
5,Prevalence,29,Tonga,3,Both,22,All Ages,558,Mental disorders,2,Percent,2019,0.11242063297564059,0.12453881804604663,0.10151800909731586
5,Prevalence,4626,South West England,3,Both,22,All Ages,558,Mental disorders,2,Percent,2019,0.15399633168825294,0.1634560064080435,0.1447155879307299
5,Prevalence,35629,Kiambu,3,Both,22,All Ages,558,Mental disorders,2,Percent,2019,0.1205257651688982,0.12984522561968412,0.11131680235975538
5,Prevalence,62,Russian Federation,3,Both,22,All Ages,558,Mental disorders,2,Percent,2019,0.1185203789741658,0.1265744882016227,0.11020270795517745
5,Prevalence,4662,Oaxaca,3,Both,22,All Ages,558,Mental disorders,2,Percent,2019,0.12278971968624496,0.1315838840565859,0.11429902131434926
5,Prevalence,162,Bhutan,3,Both,22,All Ages,558,Mental disorders,2,Percent,2019,0.12176109207246284,0.13316779224000652,0.11114069062028008
5,Prevalence,539,Kansas,3,Both,22,All Ages,558,Mental disorders,2,Percent,2019,0.1724517244275209,0.1855883897576523,0.1609868305245612
5,Prevalence,44559,Africa,3,Both,22,All Ages,558,Mental disorders,2,Percent,2019,0.11548336957571505,0.12583814737463778,0.1058175475471975
5,Prevalence,44643,Darlington,3,Both,22,All Ages,558,Mental disorders,2,Percent,2019,0.15400747079448848,0.16358173506333015,0.1446569353322681
5,Prevalence,163,India,3,Both,22,All Ages,558,Mental disorders,2,Percent,2019,0.13844276867953442,0.15152398012910162,0.12385965068291871
5,Prevalence,63,Ukraine,3,Both,22,All Ages,558,Mental disorders,2,Percent,2019,0.13355644858322663,0.1429090006202433,0.12410365386970677
5,Prevalence,44775,Milton Keynes,3,Both,22,All Ages,558,Mental disorders,2,Percent,2019,0.15465746370087732,0.16491588825036385,0.14518322195945013
5,Prevalence,244,South Asia - WB,3,Both,22,All Ages,558,Mental disorders,2,Percent,2019,0.13482460905238491,0.14689173264672378,0.12123627153645546
5,Prevalence,44783,Poole,3,Both,22,All Ages,558,Mental disorders,2,Percent,2019,0.15387671882911547,0.1636799422996022,0.1443699307473352
5,Prevalence,44638,North America,3,Both,22,All Ages,558,Mental disorders,2,Percent,2019,0.16797199510392455,0.18048525170066992,0.15690325416883247
5,Prevalence,179,Ethiopia,3,Both,22,All Ages,558,Mental disorders,2,Percent,2019,0.10902290738326695,0.11828023086572521,0.0999011583817521
5,Prevalence,44639,Middle SDI,3,Both,22,All Ages,558,Mental disorders,2,Percent,2019,0.12768738444079997,0.13728757775397837,0.11862854906748274
5,Prevalence,44784,Bath and North East Somerset,3,Both,22,All Ages,558,Mental disorders,2,Percent,2019,0.15507560964023226,0.16498434886346114,0.14515339062924856
5,Prevalence,70,Australasia,3,Both,22,All Ages,558,Mental disorders,2,Percent,2019,0.18792944973352593,0.20302826241116934,0.17512928572201408
5,Prevalence,44635,High SDI,3,Both,22,All Ages,558,Mental disorders,2,Percent,2019,0.1490847291501084,0.1603013358206676,0.13881950859704034
5,Prevalence,44642,Nordic Region,3,Both,22,All Ages,558,Mental disorders,2,Percent,2019,0.1531671989970565,0.16398098185333118,0.14336546298877503
5,Prevalence,44773,Portsmouth,3,Both,22,All Ages,558,Mental disorders,2,Percent,2019,0.1562497054816963,0.1668354349429712,0.14630393404052766
5,Prevalence,9,Southeast Asia,3,Both,22,All Ages,558,Mental disorders,2,Percent,2019,0.11294044331572,0.12221755653521088,0.10391735319508603
5,Prevalence,349,Greenland,3,Both,22,All Ages,558,Mental disorders,2,Percent,2019,0.1785049857965517,0.19460611411983925,0.16426222767579657
5,Prevalence,44646,Newcastle upon Tyne,3,Both,22,All Ages,558,Mental disorders,2,Percent,2019,0.15172751861365003,0.16255153786583265,0.14168151347095034
5,Prevalence,75,Austria,3,Both,22,All Ages,558,Mental disorders,2,Percent,2019,0.15867779205207092,0.17374352751733171,0.14573402664296892
5,Prevalence,44577,World Bank Lower Middle Income,3,Both,22,All Ages,558,Mental disorders,2,Percent,2019,0.12666965350457923,0.1373300566000882,0.11553662530556721
5,Prevalence,183,Mauritius,3,Both,22,All Ages,558,Mental disorders,2,Percent,2019,0.12901744025826303,0.14087696971671493,0.11791682753857163
5,Prevalence,44772,East Sussex,3,Both,22,All Ages,558,Mental disorders,2,Percent,2019,0.15314520876548807,0.16293217169477311,0.1432872383985818
5,Prevalence,44578,World Bank Low Income,3,Both,22,All Ages,558,Mental disorders,2,Percent,2019,0.11591253206989655,0.1266201419661209,0.10537116707178401
5,Prevalence,184,Mozambique,3,Both,22,All Ages,558,Mental disorders,2,Percent,2019,0.1127200275493677,0.12430105637825496,0.10172782250131791
5,Prevalence,44650,Gateshead,3,Both,22,All Ages,558,Mental disorders,2,Percent,2019,0.1542770370729914,0.16406842806597893,0.1447598435880025
5,Prevalence,44586,G20,3,Both,22,All Ages,558,Mental disorders,2,Percent,2019,0.13439961112699417,0.14416133655636898,0.12507349725472558
5,Prevalence,209,Guinea-Bissau,3,Both,22,All Ages,558,Mental disorders,2,Percent,2019,0.10492664925155866,0.11582184408956583,0.0945722074333123
5,Prevalence,572,Wisconsin,3,Both,22,All Ages,558,Mental disorders,2,Percent,2019,0.17154766983547387,0.18471598465705263,0.15997957468562174
5,Prevalence,35428,Akita,3,Both,22,All Ages,558,Mental disorders,2,Percent,2019,0.10221119330504969,0.10907275860208256,0.0951950829380432
5,Prevalence,44762,Windsor and Maidenhead,3,Both,22,All Ages,558,Mental disorders,2,Percent,2019,0.15524874952599854,0.16489106738035889,0.14553078967516964
5,Prevalence,35431,Ibaraki,3,Both,22,All Ages,558,Mental disorders,2,Percent,2019,0.10110005361069116,0.10833822871596599,0.09391023637965776
5,Prevalence,44534,Commonwealth,3,Both,22,All Ages,558,Mental disorders,2,Percent,2019,0.12890859577664718,0.139712580463566,0.11725107257877114
5,Prevalence,44750,Lewisham,3,Both,22,All Ages,558,Mental disorders,2,Percent,2019,0.1539400314046157,0.1646141313440801,0.14371501039601436
5,Prevalence,44709,Coventry,3,Both,22,All Ages,558,Mental disorders,2,Percent,2019,0.15409607546108664,0.16405067729544942,0.14413083490628273
5,Prevalence,44766,West Sussex,3,Both,22,All Ages,558,Mental disorders,2,Percent,2019,0.153998476162214,0.16383141398586942,0.14436221278071798
5,Prevalence,44563,African Region,3,Both,22,All Ages,558,Mental disorders,2,Percent,2019,0.10886009741222245,0.1185233611923555,0.09984393114182603
5,Prevalence,44754,Barking and Dagenham,3,Both,22,All Ages,558,Mental disorders,2,Percent,2019,0.15185173779861913,0.16280968279374045,0.1416189185353037
5,Prevalence,44651,Middlesbrough,3,Both,22,All Ages,558,Mental disorders,2,Percent,2019,0.15337299487349362,0.163259830608978,0.1435022414117827
5,Prevalence,44770,Brighton and Hove,3,Both,22,All Ages,558,Mental disorders,2,Percent,2019,0.157697047016351,0.1684709353999837,0.14757454965260083
5,Prevalence,44763,West Berkshire,3,Both,22,All Ages,558,Mental disorders,2,Percent,2019,0.15489077458375083,0.1643577510246472,0.14496714570068372
5,Prevalence,560,Oregon,3,Both,22,All Ages,558,Mental disorders,2,Percent,2019,0.15254340205711897,0.16527088813740173,0.14150362974485473
5,Prevalence,44687,Sheffield,3,Both,22,All Ages,558,Mental disorders,2,Percent,2019,0.15569392199517723,0.1658296736289783,0.14604062852522043
5,Prevalence,4653,Guanajuato,3,Both,22,All Ages,558,Mental disorders,2,Percent,2019,0.12841416137310702,0.1380197537205182,0.11972301428174185
5,Prevalence,44758,Tower Hamlets,3,Both,22,All Ages,558,Mental disorders,2,Percent,2019,0.1578881980145443,0.17027834540758527,0.1468679160137628
5,Prevalence,44655,Cheshire East,3,Both,22,All Ages,558,Mental disorders,2,Percent,2019,0.15406473466161785,0.16362388792556706,0.14438725355242046
5,Prevalence,4771,Roraima,3,Both,22,All Ages,558,Mental disorders,2,Percent,2019,0.17287848487896748,0.1873710272067368,0.16033000644265
5,Prevalence,44717,Central Bedfordshire,3,Both,22,All Ages,558,Mental disorders,2,Percent,2019,0.15507768074616196,0.16478107469835704,0.14509243615673376
5,Prevalence,44764,Hampshire,3,Both,22,All Ages,558,Mental disorders,2,Percent,2019,0.15441590352137005,0.16397308740090372,0.14481552996482655
5,Prevalence,44708,Dudley,3,Both,22,All Ages,558,Mental disorders,2,Percent,2019,0.15397187557207537,0.16352031272225495,0.14385009012931407
5,Prevalence,44742,Croydon,3,Both,22,All Ages,558,Mental disorders,2,Percent,2019,0.15414378615363733,0.16417298093657598,0.1445302030617911
5,Prevalence,44730,Westminster,3,Both,22,All Ages,558,Mental disorders,2,Percent,2019,0.15931897396847072,0.170934411511711,0.14918030089880022
5,Prevalence,44720,Essex,3,Both,22,All Ages,558,Mental disorders,2,Percent,2019,0.15472316013470253,0.16451431322057813,0.14475233171727586
5,Prevalence,44660,Lancashire,3,Both,22,All Ages,558,Mental disorders,2,Percent,2019,0.15375059590043594,0.16314871418613042,0.1441625613097942
5,Prevalence,44751,Hounslow,3,Both,22,All Ages,558,Mental disorders,2,Percent,2019,0.15463157358406357,0.16571855829901644,0.14488294514563738
5,Prevalence,44584,OECD Countries,3,Both,22,All Ages,558,Mental disorders,2,Percent,2019,0.14970168788721783,0.16062139741632422,0.13973935490760012
5,Prevalence,44718,Suffolk,3,Both,22,All Ages,558,Mental disorders,2,Percent,2019,0.15447097408341268,0.16374034211865263,0.1451255206537832
5,Prevalence,530,Delaware,3,Both,22,All Ages,558,Mental disorders,2,Percent,2019,0.17330623681001225,0.18596205257207807,0.1622837631698771
5,Prevalence,44721,Cambridgeshire,3,Both,22,All Ages,558,Mental disorders,2,Percent,2019,0.15576788432218835,0.1658279647892591,0.14577602231617004
5,Prevalence,44695,Lincolnshire,3,Both,22,All Ages,558,Mental disorders,2,Percent,2019,0.15432790171227215,0.1642901333690937,0.14493867236661181
5,Prevalence,44537,Commonwealth Low Income,3,Both,22,All Ages,558,Mental disorders,2,Percent,2019,0.11545335936782061,0.12622624758893292,0.10621082513340543
5,Prevalence,44684,Bradford,3,Both,22,All Ages,558,Mental disorders,2,Percent,2019,0.15401177315630885,0.16441501588761692,0.14394914882846113
5,Prevalence,44755,Haringey,3,Both,22,All Ages,558,Mental disorders,2,Percent,2019,0.15662572015456572,0.16735873221687209,0.14645832978067813
5,Prevalence,44725,Peterborough,3,Both,22,All Ages,558,Mental disorders,2,Percent,2019,0.1538663050902618,0.16422117068975398,0.14419261147726875
5,Prevalence,44657,Trafford,3,Both,22,All Ages,558,Mental disorders,2,Percent,2019,0.1540495107336006,0.16379436997093463,0.14419771518559094
5,Prevalence,44674,Blackburn with Darwen,3,Both,22,All Ages,558,Mental disorders,2,Percent,2019,0.15349564076810177,0.16351402826961048,0.14380078186337375
5,Prevalence,44675,Knowsley,3,Both,22,All Ages,558,Mental disorders,2,Percent,2019,0.15340756549792073,0.16345536051874912,0.14349298900009447
5,Prevalence,44726,Luton,3,Both,22,All Ages,558,Mental disorders,2,Percent,2019,0.15411710084230026,0.16530223307458153,0.14422509791619598
5,Prevalence,44649,County Durham,3,Both,22,All Ages,558,Mental disorders,2,Percent,2019,0.15402391732171553,0.16373303372656653,0.14439603395856446
5,Prevalence,44699,Nottinghamshire,3,Both,22,All Ages,558,Mental disorders,2,Percent,2019,0.15450377299784265,0.16403678545387557,0.14485930989534776
5,Prevalence,44706,Worcestershire,3,Both,22,All Ages,558,Mental disorders,2,Percent,2019,0.154130850867856,0.16341579603066203,0.14476123167075217
5,Prevalence,44759,Wokingham,3,Both,22,All Ages,558,Mental disorders,2,Percent,2019,0.155181078090318,0.1647873827617806,0.14558759481787323
5,Prevalence,44688,Wakefield,3,Both,22,All Ages,558,Mental disorders,2,Percent,2019,0.1536536610145352,0.16354204676110382,0.1439355460585722
5,Prevalence,44662,Bolton,3,Both,22,All Ages,558,Mental disorders,2,Percent,2019,0.1539122803092895,0.1640866218584896,0.14433529490564634
5,Prevalence,44741,Enfield,3,Both,22,All Ages,558,Mental disorders,2,Percent,2019,0.15480717855343498,0.1647337566629334,0.14483885297481347
5,Prevalence,44696,Rutland,3,Both,22,All Ages,558,Mental disorders,2,Percent,2019,0.15508645488398537,0.16457433901072627,0.1452203236943617
5,Prevalence,44678,North Yorkshire,3,Both,22,All Ages,558,Mental disorders,2,Percent,2019,0.15413804415343552,0.16338571587048384,0.14481235720534671
5,Prevalence,4624,Greater London,3,Both,22,All Ages,558,Mental disorders,2,Percent,2019,0.15552294257405527,0.165997354867828,0.14576581642855416
5,Prevalence,44704,Solihull,3,Both,22,All Ages,558,Mental disorders,2,Percent,2019,0.1540157375052364,0.16354932642476996,0.144509563087305
5,Prevalence,44663,Wirral,3,Both,22,All Ages,558,Mental disorders,2,Percent,2019,0.15422028353961548,0.1639739822046744,0.14474988730604116
5,Prevalence,44666,Warrington,3,Both,22,All Ages,558,Mental disorders,2,Percent,2019,0.15443024706286448,0.16417403020290772,0.144795739247872
5,Prevalence,44692,Barnsley,3,Both,22,All Ages,558,Mental disorders,2,Percent,2019,0.1542900843668109,0.16358114124230033,0.14452852779237957
5,Prevalence,44700,Nottingham,3,Both,22,All Ages,558,Mental disorders,2,Percent,2019,0.15619634523069845,0.16740177867043982,0.14599004947509106
5,Prevalence,44683,North Lincolnshire,3,Both,22,All Ages,558,Mental disorders,2,Percent,2019,0.15413568178972667,0.16407646231890016,0.14471926928584633
5,Prevalence,44659,Sefton,3,Both,22,All Ages,558,Mental disorders,2,Percent,2019,0.1536752051032177,0.1633390077299713,0.14401111941115058
5,Prevalence,44785,Gloucestershire,3,Both,22,All Ages,558,Mental disorders,2,Percent,2019,0.15435679429550825,0.16391943902468856,0.14508886823258837
5,Prevalence,44670,Halton,3,Both,22,All Ages,558,Mental disorders,2,Percent,2019,0.15405409205050416,0.1634452722430466,0.1445796718385127
5,Prevalence,4644,Baja California,3,Both,22,All Ages,558,Mental disorders,2,Percent,2019,0.12627206043355657,0.13553503030288208,0.11780614681723232
5,Prevalence,44667,Oldham,3,Both,22,All Ages,558,Mental disorders,2,Percent,2019,0.15311537254226995,0.16316024492635184,0.1432095644706941
5,Prevalence,44705,Shropshire,3,Both,22,All Ages,558,Mental disorders,2,Percent,2019,0.1543442079102336,0.1641450372185797,0.14466375465533074
5,Prevalence,44575,World Bank High Income,3,Both,22,All Ages,558,Mental disorders,2,Percent,2019,0.15106368256334696,0.16210885129698122,0.1409039588195316
5,Prevalence,44671,Liverpool,3,Both,22,All Ages,558,Mental disorders,2,Percent,2019,0.14424858994126083,0.1553514523877832,0.1346934960515344
5,Prevalence,44729,Barnet,3,Both,22,All Ages,558,Mental disorders,2,Percent,2019,0.15495934090691074,0.1652772062198213,0.14521021821863797
5,Prevalence,44733,Redbridge,3,Both,22,All Ages,558,Mental disorders,2,Percent,2019,0.15475941886821373,0.16567877108014942,0.14473809162226775
5,Prevalence,44713,Wolverhampton,3,Both,22,All Ages,558,Mental disorders,2,Percent,2019,0.15336722688031182,0.1635773961120897,0.14385944095017988
5,Prevalence,44737,Havering,3,Both,22,All Ages,558,Mental disorders,2,Percent,2019,0.15460911109003808,0.16464582160827063,0.144882300405626
5,Prevalence,44767,Oxfordshire,3,Both,22,All Ages,558,Mental disorders,2,Percent,2019,0.15503597743133027,0.16452961726497925,0.14533913049596014
5,Prevalence,44664,Bury,3,Both,22,All Ages,558,Mental disorders,2,Percent,2019,0.154185291200112,0.16393310693970392,0.1445262180292324
5,Prevalence,44535,Commonwealth High Income,3,Both,22,All Ages,558,Mental disorders,2,Percent,2019,0.1569633939757242,0.16872944651497476,0.14667006873582789
5,Prevalence,44746,Wandsworth,3,Both,22,All Ages,558,Mental disorders,2,Percent,2019,0.15721465708427063,0.16856645674564139,0.14707166148762132
5,Prevalence,44536,Commonwealth Middle Income,3,Both,22,All Ages,558,Mental disorders,2,Percent,2019,0.12947917925931807,0.14060887446007297,0.11686527676563788
5,Prevalence,44734,Merton,3,Both,22,All Ages,558,Mental disorders,2,Percent,2019,0.15507271639325693,0.1656904106928479,0.14494478253977716
5,Prevalence,44691,"Kingston upon Hull, City of",3,Both,22,All Ages,558,Mental disorders,2,Percent,2019,0.15427633262129511,0.16487059664497344,0.14429322608634962
5,Prevalence,44676,Blackpool,3,Both,22,All Ages,558,Mental disorders,2,Percent,2019,0.1535487191927033,0.16338742620187913,0.1437260716847479
5,Prevalence,44636,Low-middle SDI,3,Both,22,All Ages,558,Mental disorders,2,Percent,2019,0.13070724534149947,0.1416349277200676,0.11970244902878131
5,Prevalence,44697,Derby,3,Both,22,All Ages,558,Mental disorders,2,Percent,2019,0.1545538944660457,0.16474121965903973,0.1450925371962974
5,Prevalence,44679,East Riding of Yorkshire,3,Both,22,All Ages,558,Mental disorders,2,Percent,2019,0.15427844036643415,0.16367328988173355,0.14481925320282113
5,Prevalence,44779,Dorset,3,Both,22,All Ages,558,Mental disorders,2,Percent,2019,0.15339550034011556,0.16314868367309257,0.1434127541462728
5,Prevalence,44787,Swindon,3,Both,22,All Ages,558,Mental disorders,2,Percent,2019,0.15449106195482723,0.16438994713517682,0.14469815645331363
5,Prevalence,44731,Bromley,3,Both,22,All Ages,558,Mental disorders,2,Percent,2019,0.15323172360239215,0.16305476945309663,0.14339303536304762
5,Prevalence,44724,Southend-on-Sea,3,Both,22,All Ages,558,Mental disorders,2,Percent,2019,0.1547379072163136,0.16470637796596788,0.14541365647432236
5,Prevalence,44752,Southwark,3,Both,22,All Ages,558,Mental disorders,2,Percent,2019,0.1570137072456365,0.16825362346836573,0.1462538637819041
5,Prevalence,44712,Walsall,3,Both,22,All Ages,558,Mental disorders,2,Percent,2019,0.15365183400942614,0.1633735457500444,0.1438262322757475
5,Prevalence,44658,Cheshire West and Chester,3,Both,22,All Ages,558,Mental disorders,2,Percent,2019,0.15428341256285974,0.1643102619689357,0.14442336233676328
5,Prevalence,4666,San Luis Potosí,3,Both,22,All Ages,558,Mental disorders,2,Percent,2019,0.12579165816235105,0.13500840524055097,0.11732021671650836
5,Prevalence,44745,Greenwich,3,Both,22,All Ages,558,Mental disorders,2,Percent,2019,0.15359314357141277,0.16431041837294172,0.1434739237471092
5,Prevalence,35633,Kisumu,3,Both,22,All Ages,558,Mental disorders,2,Percent,2019,0.10882460921669365,0.1182569634610576,0.09971533972022054
5,Prevalence,44647,North Tyneside,3,Both,22,All Ages,558,Mental disorders,2,Percent,2019,0.1547053696014527,0.1645275773614272,0.14514767184844996
5,Prevalence,44788,Torbay,3,Both,22,All Ages,558,Mental disorders,2,Percent,2019,0.1532053919034884,0.1622270002542591,0.14340316690038066
5,Prevalence,44776,Southampton,3,Both,22,All Ages,558,Mental disorders,2,Percent,2019,0.1555143480384393,0.16601928226538928,0.14530100074807237
5,Prevalence,174,Eastern Sub-Saharan Africa,3,Both,22,All Ages,558,Mental disorders,2,Percent,2019,0.1128289558939991,0.12314543351316916,0.10294355271385046
5,Prevalence,44771,Medway,3,Both,22,All Ages,558,Mental disorders,2,Percent,2019,0.1553216844587772,0.16499606498157696,0.1457804790512773
5,Prevalence,44739,Sutton,3,Both,22,All Ages,558,Mental disorders,2,Percent,2019,0.15444190997807544,0.1646470106881337,0.14472369968019563
5,Prevalence,64,High-income,3,Both,22,All Ages,558,Mental disorders,2,Percent,2019,0.1538476947378058,0.16481066981149764,0.14357885323941064
5,Prevalence,44738,Kingston upon Thames,3,Both,22,All Ages,558,Mental disorders,2,Percent,2019,0.15534415236121416,0.16582697198664637,0.14561855621851164
5,Prevalence,44587,African Union,3,Both,22,All Ages,558,Mental disorders,2,Percent,2019,0.11548336957571505,0.12583814737463778,0.1058175475471975
5,Prevalence,44680,York,3,Both,22,All Ages,558,Mental disorders,2,Percent,2019,0.15629669388385545,0.16684255966161352,0.14660640287897903
5,Prevalence,44743,Hammersmith and Fulham,3,Both,22,All Ages,558,Mental disorders,2,Percent,2019,0.15792610971710985,0.16967111007051885,0.1476725442721148
5,Prevalence,44716,Bedford,3,Both,22,All Ages,558,Mental disorders,2,Percent,2019,0.15470074962953798,0.16504986729843293,0.14512365831485521
5,Prevalence,44747,Waltham Forest,3,Both,22,All Ages,558,Mental disorders,2,Percent,2019,0.1549653910244197,0.1660290227753224,0.14462814617349495
5,Prevalence,35429,Yamagata,3,Both,22,All Ages,558,Mental disorders,2,Percent,2019,0.09971724304519008,0.10649704088948839,0.09297374809965542
5,Prevalence,564,South Dakota,3,Both,22,All Ages,558,Mental disorders,2,Percent,2019,0.16157775754773956,0.17474122974562947,0.150210691784862
5,Prevalence,44768,Reading,3,Both,22,All Ages,558,Mental disorders,2,Percent,2019,0.1544848189593233,0.16525182694364643,0.14449881069794038
5,Prevalence,44564,Region of the Americas,3,Both,22,All Ages,558,Mental disorders,2,Percent,2019,0.15557429162564845,0.16752004606030327,0.1449715647558898
5,Prevalence,44637,Low SDI,3,Both,22,All Ages,558,Mental disorders,2,Percent,2019,0.1192578032555306,0.130481293198288,0.10792829132080335
5,Prevalence,44576,World Bank Upper Middle Income,3,Both,22,All Ages,558,Mental disorders,2,Percent,2019,0.12947303311673852,0.13855592447288212,0.12033565577654111
5,Prevalence,44777,Slough,3,Both,22,All Ages,558,Mental disorders,2,Percent,2019,0.15453275247326256,0.16498853109069872,0.14444904482732762
5,Prevalence,44791,Cornwall,3,Both,22,All Ages,558,Mental disorders,2,Percent,2019,0.1539814998445138,0.1638180396943254,0.14452300197308143
5,Prevalence,44685,Kirklees,3,Both,22,All Ages,558,Mental disorders,2,Percent,2019,0.15472634784699976,0.16472949526630545,0.1449147565706072
5,Prevalence,44689,Rotherham,3,Both,22,All Ages,558,Mental disorders,2,Percent,2019,0.15408954112911927,0.16398060168541112,0.14431012923060238
5,Prevalence,44792,Plymouth,3,Both,22,All Ages,558,Mental disorders,2,Percent,2019,0.15523772737634495,0.16530232678393691,0.14512810712561178
5,Prevalence,44780,Wiltshire,3,Both,22,All Ages,558,Mental disorders,2,Percent,2019,0.15420133812237571,0.16411252388625888,0.14444410931932056
5,Prevalence,44668,Rochdale,3,Both,22,All Ages,558,Mental disorders,2,Percent,2019,0.15374615364879976,0.16380469279168616,0.14413777360438254
5,Prevalence,44693,Northamptonshire,3,Both,22,All Ages,558,Mental disorders,2,Percent,2019,0.15418548254216102,0.16390298709322038,0.14441435985708465
5,Prevalence,44681,North East Lincolnshire,3,Both,22,All Ages,558,Mental disorders,2,Percent,2019,0.15350765261777025,0.16319660564819205,0.14386473837405972
5,Prevalence,44701,Leicester,3,Both,22,All Ages,558,Mental disorders,2,Percent,2019,0.15546691730236012,0.16652751078512543,0.1453301452707813
5,Prevalence,44735,Brent,3,Both,22,All Ages,558,Mental disorders,2,Percent,2019,0.15517178244305674,0.16604717899492816,0.14499312909790155
5,Prevalence,44756,Hackney,3,Both,22,All Ages,558,Mental disorders,2,Percent,2019,0.15859175270409723,0.17035611737191172,0.14802384942103286
5,Prevalence,44789,"Bristol, City of",3,Both,22,All Ages,558,Mental disorders,2,Percent,2019,0.15423509244269137,0.16546512955998532,0.14420895247812868
5,Prevalence,44722,Thurrock,3,Both,22,All Ages,558,Mental disorders,2,Percent,2019,0.15463841552325416,0.16441668723659933,0.14457287483673495
5,Prevalence,44590,Four World Regions,3,Both,22,All Ages,558,Mental disorders,2,Percent,2019,0.1303616485746514,0.14012144317888048,0.12117874365542144
5,Prevalence,44710,Telford and Wrekin,3,Both,22,All Ages,558,Mental disorders,2,Percent,2019,0.15398937822372327,0.16382988368222787,0.14412191146073713
5,Prevalence,44672,Tameside,3,Both,22,All Ages,558,Mental disorders,2,Percent,2019,0.15379349598910771,0.1636025731067182,0.14406671867202564
5,Prevalence,44760,Buckinghamshire,3,Both,22,All Ages,558,Mental disorders,2,Percent,2019,0.1544853821536769,0.164177247630065,0.14492027081418762
5,Prevalence,44781,North Somerset,3,Both,22,All Ages,558,Mental disorders,2,Percent,2019,0.15335688086367202,0.16270089660393103,0.1441804682645752
5,Prevalence,44714,Birmingham,3,Both,22,All Ages,558,Mental disorders,2,Percent,2019,0.15251567160743984,0.16330377476382954,0.14242134768028036
5,Prevalence,44727,Richmond upon Thames,3,Both,22,All Ages,558,Mental disorders,2,Percent,2019,0.15453075986130557,0.1646871887546622,0.14489165420710906
